Car,Lap,NumTyres,StopNumber
1,1,0,1
1,2,0,2
1,4,0,3
1,6,0,4
1,8,0,5
1,10,0,6
1,12,0,7
1,14,0,8
1,16,0,9
1,18,0,10
1,20,0,11
1,22,0,12
1,24,0,13
1,26,0,14
1,28,0,15
1,30,0,16
1,32,0,17
1,34,0,18
1,37,4,19
1,38,0,20
1,40,0,21
1,42,0,22
1,43,0,23
1,45,0,24
1,47,0,25
1,49,0,26
1,51,0,27
1,53,0,28
1,55,0,29
1,57,0,30
1,59,0,31
1,61,0,32
1,63,0,33
1,65,0,34
1,67,0,35
1,69,0,36
1,71,0,37
1,73,0,38
1,75,0,39
1,77,0,40
1,79,0,41
1,81,0,42
1,83,0,43
1,85,0,44
1,87,0,45
1,89,0,46
1,91,0,47
1,93,0,48
1,96,8,49
1,97,0,50
1,99,0,51
1,101,0,52
1,103,0,53
1,105,0,54
1,107,0,55
1,109,0,56
1,111,0,57
1,113,0,58
1,115,0,59
1,117,0,60
1,119,0,61
1,121,0,62
1,123,0,63
1,125,0,64
1,127,0,65
1,129,0,66
1,131,0,67
1,133,0,68
1,135,0,69
1,136,0,70
10,2,0,1
10,4,0,2
10,6,0,3
10,8,0,4
10,10,0,5
10,12,0,6
10,14,0,7
10,16,0,8
10,18,0,9
10,20,0,10
10,22,0,11
10,24,0,12
10,26,0,13
10,28,0,14
10,30,0,15
10,32,0,16
10,34,0,17
10,36,0,18
10,38,0,19
10,41,4,20
10,42,0,21
10,44,0,22
10,46,0,23
10,48,0,24
10,50,0,25
10,52,0,26
10,54,0,27
10,56,0,28
10,58,0,29
10,60,0,30
10,62,0,31
10,64,0,32
10,66,0,33
10,68,0,34
10,70,0,35
10,72,0,36
10,74,0,37
10,76,0,38
10,78,0,39
10,80,0,40
10,82,0,41
10,84,0,42
10,86,0,43
10,88,0,44
10,90,0,45
10,92,0,46
10,94,0,47
10,96,0,48
10,99,8,49
10,100,0,50
10,102,0,51
10,104,0,52
10,106,0,53
10,108,0,54
10,110,0,55
10,112,0,56
10,114,0,57
10,116,0,58
10,118,0,59
10,120,0,60
10,122,0,61
10,124,0,62
10,126,0,63
10,128,0,64
10,130,0,65
10,132,0,66
10,134,0,67
10,136,0,68
10,138,0,69
10,140,0,70
10,141,0,71
10,143,0,72
10,144,0,73
11,2,0,1
11,4,0,2
11,6,0,3
11,8,0,4
11,10,0,5
11,12,0,6
11,14,0,7
11,16,0,8
11,18,0,9
11,20,0,10
11,22,0,11
11,24,0,12
11,26,0,13
11,28,0,14
11,30,0,15
11,32,0,16
11,34,0,17
11,36,0,18
11,37,0,19
11,39,0,20
11,41,0,21
11,43,0,22
11,45,0,23
11,47,0,24
11,49,0,25
11,51,0,26
11,54,4,27
11,55,0,28
11,57,0,29
11,59,0,30
11,61,0,31
11,63,0,32
11,65,0,33
11,67,0,34
11,69,0,35
11,71,0,36
11,73,0,37
11,75,0,38
11,77,0,39
11,79,0,40
11,81,0,41
11,83,0,42
11,85,0,43
11,87,0,44
11,89,0,45
11,91,0,46
11,93,0,47
11,96,8,48
11,97,0,49
11,99,0,50
11,101,0,51
11,103,0,52
11,105,0,53
11,107,0,54
11,109,0,55
11,111,0,56
11,113,0,57
11,115,0,58
11,117,0,59
11,119,0,60
11,121,0,61
11,123,0,62
11,125,0,63
11,127,0,64
11,129,0,65
11,131,0,66
11,133,0,67
11,135,0,68
11,136,0,69
11,138,0,70
11,139,0,71
11,140,0,72
14,1,2,1
14,2,0,2
14,4,0,3
14,6,0,4
14,8,0,5
14,10,0,6
14,12,0,7
14,14,0,8
14,16,0,9
14,18,0,10
14,20,0,11
14,22,0,12
14,24,0,13
14,26,0,14
14,28,0,15
14,30,0,16
14,32,0,17
14,34,0,18
14,36,0,19
14,38,0,20
14,40,0,21
14,43,0,22
14,44,0,23
14,46,0,24
14,48,0,25
14,50,0,26
14,52,0,27
14,54,0,28
14,56,0,29
14,58,0,30
14,60,0,31
14,62,0,32
14,64,0,33
14,66,0,34
14,68,0,35
14,70,0,36
14,72,0,37
14,74,0,38
14,76,0,39
14,78,0,40
14,80,0,41
14,82,0,42
14,84,0,43
14,86,0,44
14,88,0,45
14,90,0,46
14,92,0,47
14,94,0,48
14,96,0,49
14,98,0,50
14,100,0,51
14,102,0,52
14,105,0,53
14,106,0,54
14,108,0,55
14,110,0,56
14,112,0,57
14,114,0,58
14,116,0,59
14,118,0,60
14,120,0,61
14,122,0,62
14,124,0,63
14,126,0,64
14,128,0,65
14,130,0,66
14,132,0,67
14,134,0,68
14,136,0,69
14,138,0,70
14,140,0,71
14,142,0,72
14,144,0,73
14,145,0,74
18,2,0,1
18,4,0,2
18,6,0,3
18,8,0,4
18,10,0,5
18,12,0,6
18,14,0,7
18,16,0,8
18,18,0,9
18,20,0,10
18,22,0,11
18,24,0,12
18,26,0,13
18,28,0,14
18,30,0,15
18,32,0,16
18,34,0,17
18,36,0,18
18,38,0,19
18,41,4,20
18,42,0,21
18,44,0,22
18,46,0,23
18,48,0,24
18,50,0,25
18,52,0,26
18,54,0,27
18,56,0,28
18,58,0,29
18,60,0,30
18,62,0,31
18,64,0,32
18,66,0,33
18,68,0,34
18,70,0,35
18,72,0,36
18,74,0,37
18,76,0,38
18,78,0,39
18,80,0,40
18,82,0,41
18,84,0,42
18,86,0,43
18,88,0,44
18,90,0,45
18,91,0,46
18,92,8,47
18,93,0,48
18,95,0,49
18,97,0,50
18,99,0,51
18,101,0,52
18,103,0,53
18,105,0,54
18,107,0,55
18,109,0,56
18,111,0,57
18,113,0,58
18,115,0,59
18,117,0,60
18,119,0,61
18,121,0,62
18,123,0,63
18,125,0,64
18,127,0,65
18,129,0,66
18,131,0,67
18,133,0,68
18,135,0,69
18,137,0,70
18,139,0,71
18,141,0,72
18,143,0,73
18,144,0,74
19,2,0,1
19,4,0,2
19,6,0,3
19,8,0,4
19,10,0,5
19,12,0,6
19,14,0,7
19,16,0,8
19,18,0,9
19,20,0,10
19,22,0,11
19,24,0,12
19,26,0,13
19,28,0,14
19,30,0,15
19,32,0,16
19,34,0,17
19,36,0,18
19,38,0,19
19,40,0,20
19,42,0,21
19,45,4,22
19,46,0,23
19,48,0,24
19,50,0,25
19,52,0,26
19,54,0,27
19,56,0,28
19,58,0,29
19,60,0,30
19,62,0,31
19,64,0,32
19,66,0,33
19,68,0,34
19,70,0,35
19,72,0,36
19,74,0,37
19,76,0,38
19,78,0,39
19,80,0,40
19,82,0,41
19,84,0,42
19,86,0,43
19,88,0,44
19,91,8,45
19,92,0,46
19,94,0,47
19,96,0,48
19,98,0,49
19,100,0,50
19,102,0,51
19,104,0,52
19,106,0,53
19,108,0,54
19,110,0,55
19,112,0,56
19,114,0,57
19,116,0,58
19,118,0,59
19,120,0,60
19,122,0,61
19,124,0,62
19,126,0,63
19,128,0,64
19,130,0,65
19,132,0,66
19,134,0,67
19,136,0,68
19,138,0,69
19,140,0,70
19,142,0,71
19,144,0,72
19,145,0,73
2,2,0,1
2,4,0,2
2,6,0,3
2,8,0,4
2,10,0,5
2,12,0,6
2,14,0,7
2,16,0,8
2,18,0,9
2,20,0,10
2,22,0,11
2,24,0,12
2,26,0,13
2,28,0,14
2,30,0,15
2,32,0,16
2,34,0,17
2,36,0,18
2,38,0,19
2,40,0,20
2,42,0,21
2,43,0,22
2,45,0,23
2,47,0,24
2,49,0,25
2,52,4,26
2,53,0,27
2,55,0,28
2,57,0,29
2,59,0,30
2,61,0,31
2,63,0,32
2,65,0,33
2,67,0,34
2,69,0,35
2,71,0,36
2,73,0,37
2,75,0,38
2,77,0,39
2,79,0,40
2,81,0,41
2,83,0,42
2,85,0,43
2,87,0,44
2,89,0,45
2,91,0,46
2,94,8,47
2,95,0,48
2,97,0,49
2,99,0,50
2,101,0,51
2,103,0,52
2,105,0,53
2,107,0,54
2,109,0,55
2,111,0,56
2,113,0,57
2,115,0,58
2,117,0,59
2,119,0,60
2,121,0,61
2,123,0,62
2,125,0,63
2,127,0,64
2,129,0,65
2,131,0,66
2,133,0,67
2,135,0,68
2,137,0,69
2,139,0,70
2,141,0,71
2,143,0,72
2,144,0,73
20,2,0,1
20,4,0,2
20,6,0,3
20,8,0,4
20,9,0,5
20,10,0,6
20,12,0,7
20,13,0,8
20,15,0,9
20,17,0,10
20,19,0,11
20,21,0,12
20,23,0,13
20,25,0,14
20,27,0,15
20,29,0,16
20,31,0,17
20,33,0,18
20,35,0,19
20,37,0,20
20,39,0,21
20,41,0,22
20,43,0,23
20,45,0,24
20,47,0,25
20,49,0,26
20,51,0,27
20,53,0,28
20,55,0,29
20,57,0,30
20,60,4,31
20,61,0,32
20,63,0,33
20,65,0,34
20,67,0,35
20,69,0,36
20,71,0,37
20,73,0,38
20,75,0,39
20,77,0,40
20,79,0,41
20,81,0,42
20,83,0,43
20,85,0,44
20,87,0,45
20,89,0,46
20,91,0,47
20,94,8,48
20,95,0,49
20,97,0,50
20,99,0,51
20,101,0,52
20,103,0,53
20,105,0,54
20,107,0,55
20,109,0,56
20,111,0,57
20,113,0,58
20,115,0,59
20,117,0,60
20,119,0,61
20,121,0,62
20,123,0,63
20,125,0,64
20,127,0,65
20,129,0,66
20,131,0,67
20,133,0,68
20,135,0,69
20,137,0,70
20,139,0,71
20,141,0,72
20,142,0,73
26,2,0,1
26,4,0,2
26,6,0,3
26,8,0,4
26,10,0,5
26,12,0,6
26,14,0,7
26,16,0,8
26,18,0,9
26,20,0,10
26,22,0,11
26,24,0,12
26,26,0,13
26,28,0,14
26,31,4,15
26,32,0,16
26,34,0,17
26,36,0,18
26,38,0,19
26,40,0,20
26,42,0,21
26,44,0,22
26,46,0,23
26,48,0,24
26,50,0,25
26,52,0,26
26,54,0,27
26,56,0,28
26,58,0,29
26,60,0,30
26,62,0,31
26,64,0,32
26,66,0,33
26,68,0,34
26,70,0,35
26,72,0,36
26,74,0,37
26,76,0,38
26,78,0,39
26,80,0,40
26,82,0,41
26,84,0,42
26,86,0,43
26,88,0,44
26,90,0,45
26,92,0,46
26,95,8,47
26,96,0,48
26,98,0,49
26,100,0,50
26,102,0,51
26,104,0,52
26,106,0,53
26,108,0,54
26,110,0,55
26,112,0,56
26,114,0,57
26,116,0,58
26,118,0,59
26,120,0,60
26,122,0,61
26,124,0,62
26,126,0,63
26,128,0,64
26,130,0,65
26,132,0,66
26,134,0,67
26,136,0,68
26,138,0,69
26,140,0,70
26,142,0,71
26,144,0,72
26,145,0,73
3,1,0,1
3,3,0,2
3,4,0,3
3,5,0,4
3,6,0,5
3,7,0,6
3,8,0,7
3,9,0,8
3,10,0,9
3,11,0,10
3,12,0,11
3,13,0,12
3,14,0,13
3,15,0,14
3,16,0,15
3,17,0,16
3,18,0,17
3,19,0,18
3,20,0,19
3,21,0,20
3,22,0,21
3,23,0,22
3,24,0,23
3,25,0,24
3,26,0,25
3,27,0,26
3,28,0,27
3,29,0,28
3,30,0,29
3,31,0,30
3,32,0,31
3,33,0,32
3,34,0,33
3,35,0,34
3,36,0,35
3,37,0,36
3,38,0,37
3,39,0,38
3,40,0,39
3,41,0,40
3,42,0,41
3,43,0,42
3,44,0,43
3,45,0,44
3,46,0,45
3,47,0,46
3,48,0,47
3,49,0,48
3,50,0,49
3,51,0,50
3,52,0,51
3,53,0,52
3,54,0,53
3,55,0,54
3,56,0,55
3,57,0,56
3,58,0,57
3,59,0,58
3,60,0,59
3,61,0,60
3,62,0,61
3,63,0,62
3,64,0,63
3,65,0,64
3,66,0,65
3,67,0,66
3,68,0,67
3,69,0,68
3,70,0,69
3,71,0,70
3,72,0,71
3,73,0,72
3,74,0,73
3,75,0,74
31,1,0,1
31,3,0,2
31,5,0,3
31,7,0,4
31,9,0,5
31,11,0,6
31,13,0,7
31,15,0,8
31,17,0,9
31,19,0,10
31,21,0,11
31,24,4,12
31,25,0,13
31,27,0,14
31,29,0,15
31,31,0,16
31,33,0,17
31,35,0,18
31,37,0,19
31,39,0,20
31,41,0,21
31,43,0,22
31,45,0,23
31,47,0,24
31,49,0,25
31,51,0,26
31,53,0,27
31,55,0,28
31,57,0,29
31,59,0,30
31,61,0,31
31,63,0,32
31,65,0,33
31,67,0,34
31,69,0,35
31,71,0,36
31,73,0,37
31,75,0,38
31,77,0,39
31,79,0,40
31,81,0,41
31,83,0,42
31,85,0,43
31,87,0,44
31,89,0,45
31,91,0,46
31,93,0,47
31,95,0,48
31,98,8,49
31,99,0,50
31,101,0,51
31,103,0,52
31,105,0,53
31,107,0,54
31,109,0,55
31,111,0,56
31,113,0,57
31,115,0,58
31,117,0,59
31,119,0,60
31,121,0,61
31,123,0,62
31,125,0,63
31,127,0,64
31,129,0,65
31,131,0,66
31,133,0,67
31,135,0,68
31,137,0,69
31,139,0,70
31,141,0,71
31,143,0,72
31,144,0,73
38,2,0,1
38,4,0,2
38,6,0,3
38,8,0,4
38,10,0,5
38,12,0,6
38,14,0,7
38,16,0,8
38,18,0,9
38,20,0,10
38,22,0,11
38,24,0,12
38,26,0,13
38,28,0,14
38,30,0,15
38,32,0,16
38,34,0,17
38,36,0,18
38,38,0,19
38,39,0,20
38,41,4,21
38,42,0,22
38,44,0,23
38,46,0,24
38,48,0,25
38,50,0,26
38,52,0,27
38,54,0,28
38,56,0,29
38,58,0,30
38,60,0,31
38,62,0,32
38,64,0,33
38,66,0,34
38,68,0,35
38,70,0,36
38,72,0,37
38,74,0,38
38,76,0,39
38,78,0,40
38,80,0,41
38,83,8,42
38,84,0,43
38,86,0,44
38,88,0,45
38,90,0,46
38,92,0,47
38,94,0,48
38,96,0,49
38,98,0,50
38,100,0,51
38,102,0,52
38,103,0,53
38,105,0,54
38,107,0,55
38,109,0,56
38,111,0,57
38,113,0,58
38,115,0,59
38,117,0,60
38,119,0,61
38,121,0,62
38,123,0,63
38,125,0,64
38,127,0,65
38,129,0,66
38,131,0,67
38,133,0,68
38,135,0,69
38,137,0,70
38,139,0,71
38,141,0,72
38,142,0,73
4,2,0,1
4,4,0,2
4,6,0,3
4,8,0,4
4,10,0,5
4,12,0,6
4,14,0,7
4,16,0,8
4,18,0,9
4,20,0,10
4,22,0,11
4,24,0,12
4,26,0,13
4,28,0,14
4,30,0,15
4,32,0,16
4,34,0,17
4,36,0,18
4,38,0,19
4,40,0,20
4,42,0,21
4,44,0,22
4,46,0,23
4,48,0,24
4,50,0,25
4,52,0,26
4,55,4,27
4,56,0,28
4,58,0,29
4,60,0,30
4,62,0,31
4,64,0,32
4,66,0,33
4,68,0,34
4,70,0,35
4,72,0,36
4,74,0,37
4,76,0,38
4,78,0,39
4,80,0,40
4,82,0,41
4,84,0,42
4,86,0,43
4,88,0,44
4,90,0,45
4,93,8,46
4,94,0,47
4,96,0,48
4,98,0,49
4,100,0,50
4,102,0,51
4,104,0,52
4,105,0,53
4,107,0,54
4,109,0,55
4,111,0,56
4,113,0,57
4,115,0,58
4,117,0,59
4,119,0,60
4,121,0,61
4,123,0,62
4,125,0,63
4,127,0,64
4,129,0,65
4,131,0,66
4,133,0,67
4,135,0,68
4,137,0,69
4,139,0,70
4,141,0,71
4,143,0,72
4,144,0,73
55,2,0,1
55,5,0,2
55,6,0,3
55,8,0,4
55,10,0,5
55,12,0,6
55,14,0,7
55,16,0,8
55,18,0,9
55,20,0,10
55,22,0,11
55,24,0,12
55,26,0,13
55,28,0,14
55,30,0,15
55,32,0,16
55,34,0,17
55,36,0,18
55,38,0,19
55,40,0,20
55,42,0,21
55,44,0,22
55,46,0,23
55,48,0,24
55,50,0,25
55,52,0,26
55,54,0,27
55,56,4,28
55,57,0,29
55,59,0,30
55,61,0,31
55,63,0,32
55,65,0,33
55,67,0,34
55,69,0,35
55,71,0,36
55,73,0,37
55,75,0,38
55,77,0,39
55,79,0,40
55,81,0,41
55,83,0,42
55,85,0,43
55,87,0,44
55,89,0,45
55,91,0,46
55,93,0,47
55,95,0,48
55,97,0,49
55,99,0,50
55,102,8,51
55,103,0,52
55,105,0,53
55,107,0,54
55,109,0,55
55,111,0,56
55,113,0,57
55,115,0,58
55,117,0,59
55,119,0,60
55,121,0,61
55,123,0,62
55,125,0,63
55,127,0,64
55,129,0,65
55,131,0,66
55,133,0,67
55,135,0,68
55,137,0,69
55,139,0,70
55,141,0,71
55,142,0,72
6,2,0,1
6,4,0,2
6,6,0,3
6,8,0,4
6,10,0,5
6,12,0,6
6,14,0,7
6,16,0,8
6,18,0,9
6,20,0,10
6,22,0,11
6,24,0,12
6,26,0,13
6,28,0,14
6,30,0,15
6,32,0,16
6,34,0,17
6,36,0,18
6,38,0,19
6,40,0,20
6,43,4,21
6,44,0,22
6,46,0,23
6,48,0,24
6,50,0,25
6,52,0,26
6,54,0,27
6,56,0,28
6,58,0,29
6,60,0,30
6,62,0,31
6,64,0,32
6,66,0,33
6,68,0,34
6,70,0,35
6,72,0,36
6,74,0,37
6,76,0,38
6,78,0,39
6,80,0,40
6,82,0,41
6,84,0,42
6,86,0,43
6,88,0,44
6,90,0,45
6,92,0,46
6,94,0,47
6,97,8,48
6,98,0,49
6,100,0,50
6,102,0,51
6,104,0,52
6,106,0,53
6,108,0,54
6,110,0,55
6,112,0,56
6,114,0,57
6,116,0,58
6,118,0,59
6,120,0,60
6,122,0,61
6,124,0,62
6,126,0,63
6,128,0,64
6,130,0,65
6,132,0,66
6,134,0,67
6,136,0,68
6,138,0,69
6,140,0,70
6,142,0,71
6,143,0,72
7,1,0,1
7,2,0,2
7,4,0,3
7,6,0,4
7,7,0,5
7,9,0,6
7,11,0,7
7,12,0,8
7,13,0,9
7,14,0,10
7,15,0,11
7,16,0,12
7,17,0,13
7,18,0,14
7,19,0,15
7,20,0,16
7,21,0,17
7,22,0,18
7,23,0,19
7,24,0,20
7,25,0,21
7,26,0,22
7,27,0,23
7,28,0,24
7,29,0,25
7,30,0,26
7,31,0,27
7,32,0,28
7,33,0,29
7,34,0,30
7,35,0,31
7,36,0,32
7,37,0,33
7,38,4,34
7,39,0,35
7,40,0,36
7,41,0,37
7,42,0,38
7,43,0,39
7,44,0,40
7,45,0,41
7,46,0,42
7,47,0,43
7,49,0,44
7,51,0,45
7,52,0,46
7,53,0,47
7,54,0,48
7,55,0,49
7,57,0,50
7,58,0,51
7,59,0,52
7,60,0,53
7,61,0,54
7,62,0,55
7,63,0,56
7,64,0,57
7,65,8,58
7,66,0,59
7,67,0,60
7,68,0,61
7,69,0,62
7,70,0,63
7,71,0,64
7,72,0,65
7,73,0,66
7,74,0,67
7,75,0,68
7,76,0,69
7,77,0,70
7,78,0,71
7,79,0,72
7,80,0,73
7,81,0,74
7,83,0,75
7,84,0,76
7,85,0,77
777,1,0,1
777,2,0,2
777,4,0,3
777,6,0,4
777,8,0,5
777,10,0,6
777,12,0,7
777,14,0,8
777,16,0,9
777,18,0,10
777,20,0,11
777,22,0,12
777,24,0,13
777,26,0,14
777,28,0,15
777,30,0,16
777,32,0,17
777,34,0,18
777,36,0,19
777,38,0,20
777,40,0,21
777,42,0,22
777,44,0,23
777,46,0,24
777,48,0,25
777,50,0,26
777,52,0,27
777,54,0,28
777,56,0,29
777,57,0,30
777,59,0,31
777,61,0,32
777,63,0,33
777,66,4,34
777,67,0,35
777,69,0,36
777,71,0,37
777,73,0,38
777,75,0,39
777,77,0,40
777,79,0,41
777,81,0,42
777,83,0,43
777,85,0,44
777,87,0,45
777,89,0,46
777,91,0,47
777,93,0,48
777,95,0,49
777,97,0,50
777,99,0,51
777,101,0,52
777,103,0,53
777,105,0,54
777,107,0,55
777,110,0,56
777,111,0,57
777,113,0,58
777,115,0,59
777,117,0,60
777,119,0,61
777,121,0,62
777,123,0,63
777,125,0,64
777,127,0,65
777,129,0,66
777,131,0,67
777,133,0,68
777,135,0,69
777,137,0,70
777,139,0,71
777,141,0,72
777,143,0,73
777,144,0,74
8,2,0,1
8,4,0,2
8,6,0,3
8,8,0,4
8,10,0,5
8,12,0,6
8,14,0,7
8,16,0,8
8,18,0,9
8,20,0,10
8,22,0,11
8,24,0,12
8,26,0,13
8,28,0,14
8,30,0,15
8,32,0,16
8,34,0,17
8,36,0,18
8,38,0,19
8,40,0,20
8,42,0,21
8,44,0,22
8,46,0,23
8,49,4,24
8,50,0,25
8,52,0,26
8,54,0,27
8,56,0,28
8,58,0,29
8,60,0,30
8,62,0,31
8,64,0,32
8,66,0,33
8,68,0,34
8,70,0,35
8,72,0,36
8,74,0,37
8,76,0,38
8,78,0,39
8,80,0,40
8,82,0,41
8,84,0,42
8,86,0,43
8,88,0,44
8,90,0,45
8,92,0,46
8,94,0,47
8,96,0,48
8,98,0,49
8,100,0,50
8,102,0,51
8,104,0,52
8,106,0,53
8,109,8,54
8,110,0,55
8,112,0,56
8,114,0,57
8,116,0,58
8,118,0,59
8,120,0,60
8,122,0,61
8,124,0,62
8,126,0,63
8,128,0,64
8,130,0,65
8,132,0,66
8,134,0,67
8,136,0,68
8,138,0,69
8,140,0,70
8,142,0,71
8,144,0,72
8,145,0,73
88,2,0,1
88,4,0,2
88,6,0,3
88,8,0,4
88,10,0,5
88,12,0,6
88,14,0,7
88,16,0,8
88,18,0,9
88,20,0,10
88,22,0,11
88,24,0,12
88,26,0,13
88,28,0,14
88,30,0,15
88,32,0,16
88,34,0,17
88,36,0,18
88,39,4,19
88,40,0,20
88,42,0,21
88,44,0,22
88,46,0,23
88,48,0,24
88,50,0,25
88,52,0,26
88,54,0,27
88,56,0,28
88,58,0,29
88,60,0,30
88,62,0,31
88,64,0,32
88,66,0,33
88,68,0,34
88,70,0,35
88,72,0,36
88,74,0,37
88,76,0,38
88,78,0,39
88,80,0,40
88,82,0,41
88,84,0,42
88,86,0,43
88,88,0,44
88,90,0,45
88,92,0,46
88,94,0,47
88,97,8,48
88,98,0,49
88,100,0,50
88,102,0,51
88,104,0,52
88,106,0,53
88,108,0,54
88,110,0,55
88,112,0,56
88,114,0,57
88,116,0,58
88,118,0,59
88,120,0,60
88,122,0,61
88,124,0,62
88,126,0,63
88,128,0,64
88,130,0,65
88,132,0,66
88,134,0,67
88,136,0,68
88,138,0,69
88,140,0,70
88,142,0,71
88,144,0,72
88,145,0,73
888,2,0,1
888,4,0,2
888,6,0,3
888,8,0,4
888,10,0,5
888,12,0,6
888,14,0,7
888,16,0,8
888,18,0,9
888,20,0,10
888,22,0,11
888,24,0,12
888,26,0,13
888,28,0,14
888,30,0,15
888,32,0,16
888,34,0,17
888,36,0,18
888,38,0,19
888,40,0,20
888,42,0,21
888,44,0,22
888,46,0,23
888,48,0,24
888,50,0,25
888,53,4,26
888,54,0,27
888,56,0,28
888,58,0,29
888,60,0,30
888,62,0,31
888,64,0,32
888,66,0,33
888,68,0,34
888,70,0,35
888,72,0,36
888,74,0,37
888,76,0,38
888,78,0,39
888,80,0,40
888,82,0,41
888,84,0,42
888,86,0,43
888,88,0,44
888,90,0,45
888,92,0,46
888,94,0,47
888,96,0,48
888,98,0,49
888,100,0,50
888,102,0,51
888,105,8,52
888,106,0,53
888,108,0,54
888,110,0,55
888,112,0,56
888,114,0,57
888,116,0,58
888,118,0,59
888,120,0,60
888,122,0,61
888,124,0,62
888,126,0,63
888,128,0,64
888,130,0,65
888,132,0,66
888,134,0,67
888,136,0,68
888,138,0,69
888,140,0,70
888,142,0,71
888,144,0,72
888,145,0,73
9,1,0,1
9,3,0,2
9,5,0,3
9,7,0,4
9,9,0,5
9,11,0,6
9,13,0,7
9,15,0,8
9,17,0,9
9,19,0,10
9,21,0,11
9,23,0,12
9,25,0,13
9,27,0,14
9,29,0,15
9,31,0,16
9,33,0,17
9,36,4,18
9,37,0,19
9,38,0,20
9,40,0,21
9,42,0,22
9,44,0,23
9,46,0,24
9,48,0,25
9,50,0,26
9,52,0,27
9,54,0,28
9,56,0,29
9,58,0,30
9,60,0,31
9,62,0,32
9,64,0,33
9,66,0,34
9,68,0,35
9,70,0,36
9,72,0,37
9,74,0,38
9,76,0,39
9,78,0,40
9,80,0,41
9,82,0,42
9,84,0,43
9,86,0,44
9,88,0,45
9,91,8,46
9,92,0,47
9,94,0,48
9,96,0,49
9,97,0,50
9,99,0,51
9,101,0,52
9,103,0,53
9,105,0,54
9,107,0,55
9,109,0,56
9,111,0,57
9,113,0,58
9,115,0,59
9,117,0,60
9,119,0,61
9,121,0,62
9,123,0,63
9,125,0,64
9,127,0,65
9,129,0,66
9,131,0,67
9,133,0,68
9,135,0,69
9,137,0,70
9,139,0,71
9,141,0,72
9,142,0,73
96,2,0,1
96,4,0,2
96,6,0,3
96,8,0,4
96,10,0,5
96,12,0,6
96,14,0,7
96,16,0,8
96,18,0,9
96,20,0,10
96,22,0,11
96,24,0,12
96,26,0,13
96,28,0,14
96,30,0,15
96,32,0,16
96,34,0,17
96,36,0,18
96,38,0,19
96,40,0,20
96,42,0,21
96,44,0,22
96,46,0,23
96,48,0,24
96,50,0,25
96,52,0,26
96,54,0,27
96,56,0,28
96,59,4,29
96,60,0,30
96,62,0,31
96,64,0,32
96,66,0,33
96,68,0,34
96,70,0,35
96,72,0,36
96,74,0,37
96,76,0,38
96,78,0,39
96,80,0,40
96,82,0,41
96,84,0,42
96,86,0,43
96,88,0,44
96,90,0,45
96,92,0,46
96,94,0,47
96,96,0,48
96,98,0,49
96,100,0,50
96,102,0,51
96,105,0,52
96,106,0,53
96,108,0,54
96,110,0,55
96,112,0,56
96,114,0,57
96,116,0,58
96,118,0,59
96,120,0,60
96,122,0,61
96,124,0,62
96,126,0,63
96,128,0,64
96,130,0,65
96,132,0,66
96,134,0,67
96,136,0,68
96,138,0,69
96,140,0,70
96,142,0,71
96,144,0,72
96,145,0,73
99,1,0,1
99,2,0,2
99,4,0,3
99,6,0,4
99,8,0,5
99,10,0,6
99,12,0,7
99,14,0,8
99,16,0,9
99,18,0,10
99,20,0,11
99,22,0,12
99,24,0,13
99,26,0,14
99,28,0,15
99,31,4,16
99,32,0,17
99,34,0,18
99,36,0,19
99,38,0,20
99,40,0,21
99,42,0,22
99,44,0,23
99,46,0,24
99,48,0,25
99,50,0,26
99,52,0,27
99,54,0,28
99,56,0,29
99,58,0,30
99,60,0,31
99,62,0,32
99,64,0,33
99,66,0,34
99,68,0,35
99,70,0,36
99,72,0,37
99,74,0,38
99,76,0,39
99,78,0,40
99,80,0,41
99,82,0,42
99,84,0,43
99,86,0,44
99,89,0,45
99,90,0,46
99,92,0,47
99,94,0,48
99,96,0,49
99,98,0,50
99,100,0,51
99,102,0,52
99,104,0,53
99,106,0,54
99,108,0,55
99,110,0,56
99,112,0,57
99,114,0,58
99,116,0,59
99,118,0,60
99,120,0,61
99,122,0,62
99,124,0,63
99,126,0,64
99,128,0,65
99,130,0,66
99,132,0,67
99,134,0,68
99,136,0,69
99,138,0,70
99,141,0,71
99,142,0,72
99,144,0,73
99,145,0,74
