event,session,car,driver,vehicle,lap,time_of_day,s1_kph,parse_error,report_type,round,source_file,extracted_at
RUA,PRACTICE,888,William Brown,Ford Mustang GT,10,1,36,false,pit_speed,NaN,E:\2026\99_seasonTiming\04_RUA\pit_speed\Practice.pdf,2026-04-22 16:49:19
RUA,PRACTICE,777,Declan Fraser,Chev Camaro ZL1,10,1,38,false,pit_speed,NaN,E:\2026\99_seasonTiming\04_RUA\pit_speed\Practice.pdf,2026-04-22 16:49:19
RUA,PRACTICE,11,Jackson Walls,Ford Mustang GT,11,1,39,false,pit_speed,NaN,E:\2026\99_seasonTiming\04_RUA\pit_speed\Practice.pdf,2026-04-22 16:49:19
RUA,PRACTICE,4,Jack Le Brocq,Chev Camaro ZL1,11,1,39,false,pit_speed,NaN,E:\2026\99_seasonTiming\04_RUA\pit_speed\Practice.pdf,2026-04-22 16:49:19
RUA,PRACTICE,3,Aaron Cameron,Ford Mustang GT,11,1,39,false,pit_speed,NaN,E:\2026\99_seasonTiming\04_RUA\pit_speed\Practice.pdf,2026-04-22 16:49:19
RUA,PRACTICE,10,Zach Bates,Chev Camaro ZL1,13,1,36,false,pit_speed,NaN,E:\2026\99_seasonTiming\04_RUA\pit_speed\Practice.pdf,2026-04-22 16:49:19
RUA,PRACTICE,26,Kai Allen,Ford Mustang GT,12,1,35,false,pit_speed,NaN,E:\2026\99_seasonTiming\04_RUA\pit_speed\Practice.pdf,2026-04-22 16:49:19
RUA,PRACTICE,8,Andre Heimgartner,Toyota GR Supra A90,14,1,38,false,pit_speed,NaN,E:\2026\99_seasonTiming\04_RUA\pit_speed\Practice.pdf,2026-04-22 16:49:19
RUA,PRACTICE,2,Ryan Wood,Toyota GR Supra A90,12,1,38,false,pit_speed,NaN,E:\2026\99_seasonTiming\04_RUA\pit_speed\Practice.pdf,2026-04-22 16:49:19
RUA,PRACTICE,88,Broc Feeney,Ford Mustang GT,13,1,38,false,pit_speed,NaN,E:\2026\99_seasonTiming\04_RUA\pit_speed\Practice.pdf,2026-04-22 16:49:19
RUA,PRACTICE,17,Brodie Kostecki,Ford Mustang GT,11,1,39,false,pit_speed,NaN,E:\2026\99_seasonTiming\04_RUA\pit_speed\Practice.pdf,2026-04-22 16:49:19
RUA,PRACTICE,1,Chaz Mostert,Toyota GR Supra A90,13,1,39,false,pit_speed,NaN,E:\2026\99_seasonTiming\04_RUA\pit_speed\Practice.pdf,2026-04-22 16:49:19
RUA,PRACTICE,38,Rylan Gray,Ford Mustang GT,13,1,38,false,pit_speed,NaN,E:\2026\99_seasonTiming\04_RUA\pit_speed\Practice.pdf,2026-04-22 16:49:19
RUA,PRACTICE,19,Matthew Payne,Ford Mustang GT,13,1,39,false,pit_speed,NaN,E:\2026\99_seasonTiming\04_RUA\pit_speed\Practice.pdf,2026-04-22 16:49:19
RUA,PRACTICE,96,Macauley Jones,Toyota GR Supra A90,15,1,39,false,pit_speed,NaN,E:\2026\99_seasonTiming\04_RUA\pit_speed\Practice.pdf,2026-04-22 16:49:19
RUA,PRACTICE,99,Cooper Murray,Chev Camaro ZL1,12,1,37,false,pit_speed,NaN,E:\2026\99_seasonTiming\04_RUA\pit_speed\Practice.pdf,2026-04-22 16:49:19
RUA,PRACTICE,9,Jobe Stewart,Chev Camaro ZL1,15,1,36,false,pit_speed,NaN,E:\2026\99_seasonTiming\04_RUA\pit_speed\Practice.pdf,2026-04-22 16:49:19
RUA,PRACTICE,4,Jack Le Brocq,Chev Camaro ZL1,14,1,39,false,pit_speed,NaN,E:\2026\99_seasonTiming\04_RUA\pit_speed\Practice.pdf,2026-04-22 16:49:19
RUA,PRACTICE,31,Jayden Ojeda,Chev Camaro ZL1,14,1,39,false,pit_speed,NaN,E:\2026\99_seasonTiming\04_RUA\pit_speed\Practice.pdf,2026-04-22 16:49:19
RUA,PRACTICE,11,Jackson Walls,Ford Mustang GT,14,1,38,false,pit_speed,NaN,E:\2026\99_seasonTiming\04_RUA\pit_speed\Practice.pdf,2026-04-22 16:49:19
RUA,PRACTICE,7,James Golding,Ford Mustang GT,14,1,35,false,pit_speed,NaN,E:\2026\99_seasonTiming\04_RUA\pit_speed\Practice.pdf,2026-04-22 16:49:19
RUA,PRACTICE,888,William Brown,Ford Mustang GT,13,1,36,false,pit_speed,NaN,E:\2026\99_seasonTiming\04_RUA\pit_speed\Practice.pdf,2026-04-22 16:49:19
RUA,PRACTICE,777,Declan Fraser,Chev Camaro ZL1,14,1,36,false,pit_speed,NaN,E:\2026\99_seasonTiming\04_RUA\pit_speed\Practice.pdf,2026-04-22 16:49:19
RUA,PRACTICE,18,Anton De Pasquale,Chev Camaro ZL1,13,1,38,false,pit_speed,NaN,E:\2026\99_seasonTiming\04_RUA\pit_speed\Practice.pdf,2026-04-22 16:49:19
RUA,PRACTICE,6,Cameron Waters,Ford Mustang GT,17,1,39,false,pit_speed,NaN,E:\2026\99_seasonTiming\04_RUA\pit_speed\Practice.pdf,2026-04-22 16:49:19
RUA,PRACTICE,55,Thomas Randle,Ford Mustang GT,17,1,38,false,pit_speed,NaN,E:\2026\99_seasonTiming\04_RUA\pit_speed\Practice.pdf,2026-04-22 16:49:19
RUA,PRACTICE,3,Aaron Cameron,Ford Mustang GT,15,1,39,false,pit_speed,NaN,E:\2026\99_seasonTiming\04_RUA\pit_speed\Practice.pdf,2026-04-22 16:49:19
RUA,PRACTICE,38,Rylan Gray,Ford Mustang GT,15,1,38,false,pit_speed,NaN,E:\2026\99_seasonTiming\04_RUA\pit_speed\Practice.pdf,2026-04-22 16:49:19
RUA,PRACTICE,10,Zach Bates,Chev Camaro ZL1,17,1,37,false,pit_speed,NaN,E:\2026\99_seasonTiming\04_RUA\pit_speed\Practice.pdf,2026-04-22 16:49:19
RUA,PRACTICE,1,Chaz Mostert,Toyota GR Supra A90,16,1,39,false,pit_speed,NaN,E:\2026\99_seasonTiming\04_RUA\pit_speed\Practice.pdf,2026-04-22 16:49:19
RUA,PRACTICE,26,Kai Allen,Ford Mustang GT,16,1,35,false,pit_speed,NaN,E:\2026\99_seasonTiming\04_RUA\pit_speed\Practice.pdf,2026-04-22 16:49:19
RUA,PRACTICE,19,Matthew Payne,Ford Mustang GT,16,1,39,false,pit_speed,NaN,E:\2026\99_seasonTiming\04_RUA\pit_speed\Practice.pdf,2026-04-22 16:49:19
RUA,PRACTICE,88,Broc Feeney,Ford Mustang GT,17,1,31,false,pit_speed,NaN,E:\2026\99_seasonTiming\04_RUA\pit_speed\Practice.pdf,2026-04-22 16:49:19
RUA,PRACTICE,99,Cooper Murray,Chev Camaro ZL1,15,1,37,false,pit_speed,NaN,E:\2026\99_seasonTiming\04_RUA\pit_speed\Practice.pdf,2026-04-22 16:49:19
RUA,PRACTICE,2,Ryan Wood,Toyota GR Supra A90,16,1,38,false,pit_speed,NaN,E:\2026\99_seasonTiming\04_RUA\pit_speed\Practice.pdf,2026-04-22 16:49:19
RUA,PRACTICE,19,Matthew Payne,Ford Mustang GT,17,1,36,false,pit_speed,NaN,E:\2026\99_seasonTiming\04_RUA\pit_speed\Practice.pdf,2026-04-22 16:49:19
RUA,PRACTICE,31,Jayden Ojeda,Chev Camaro ZL1,16,1,39,false,pit_speed,NaN,E:\2026\99_seasonTiming\04_RUA\pit_speed\Practice.pdf,2026-04-22 16:49:19
RUA,PRACTICE,96,Macauley Jones,Toyota GR Supra A90,17,1,36,false,pit_speed,NaN,E:\2026\99_seasonTiming\04_RUA\pit_speed\Practice.pdf,2026-04-22 16:49:19
RUA,PRACTICE,8,Andre Heimgartner,Toyota GR Supra A90,20,1,37,false,pit_speed,NaN,E:\2026\99_seasonTiming\04_RUA\pit_speed\Practice.pdf,2026-04-22 16:49:19
RUA,PRACTICE,9,Jobe Stewart,Chev Camaro ZL1,18,1,39,false,pit_speed,NaN,E:\2026\99_seasonTiming\04_RUA\pit_speed\Practice.pdf,2026-04-22 16:49:19
RUA,PRACTICE,17,Brodie Kostecki,Ford Mustang GT,13,1,38,false,pit_speed,NaN,E:\2026\99_seasonTiming\04_RUA\pit_speed\Practice.pdf,2026-04-22 16:49:19
RUA,PRACTICE,888,William Brown,Ford Mustang GT,15,1,38,false,pit_speed,NaN,E:\2026\99_seasonTiming\04_RUA\pit_speed\Practice.pdf,2026-04-22 16:49:19
RUA,PRACTICE,777,Declan Fraser,Chev Camaro ZL1,16,1,36,false,pit_speed,NaN,E:\2026\99_seasonTiming\04_RUA\pit_speed\Practice.pdf,2026-04-22 16:49:19
RUA,PRACTICE,7,James Golding,Ford Mustang GT,17,1,38,false,pit_speed,NaN,E:\2026\99_seasonTiming\04_RUA\pit_speed\Practice.pdf,2026-04-22 16:49:19
RUA,PRACTICE,4,Jack Le Brocq,Chev Camaro ZL1,17,1,39,false,pit_speed,NaN,E:\2026\99_seasonTiming\04_RUA\pit_speed\Practice.pdf,2026-04-22 16:49:19
RUA,PRACTICE,55,Thomas Randle,Ford Mustang GT,19,1,38,false,pit_speed,NaN,E:\2026\99_seasonTiming\04_RUA\pit_speed\Practice.pdf,2026-04-22 16:49:19
RUA,PRACTICE,38,Rylan Gray,Ford Mustang GT,17,1,37,false,pit_speed,NaN,E:\2026\99_seasonTiming\04_RUA\pit_speed\Practice.pdf,2026-04-22 16:49:19
RUA,PRACTICE,2,Ryan Wood,Toyota GR Supra A90,17,1,37,false,pit_speed,NaN,E:\2026\99_seasonTiming\04_RUA\pit_speed\Practice.pdf,2026-04-22 16:49:19
RUA,PRACTICE,11,Jackson Walls,Ford Mustang GT,18,1,39,false,pit_speed,NaN,E:\2026\99_seasonTiming\04_RUA\pit_speed\Practice.pdf,2026-04-22 16:49:19
RUA,PRACTICE,3,Aaron Cameron,Ford Mustang GT,16,1,39,false,pit_speed,NaN,E:\2026\99_seasonTiming\04_RUA\pit_speed\Practice.pdf,2026-04-22 16:49:19
RUA,PRACTICE,6,Cameron Waters,Ford Mustang GT,20,1,38,false,pit_speed,NaN,E:\2026\99_seasonTiming\04_RUA\pit_speed\Practice.pdf,2026-04-22 16:49:19
RUA,PRACTICE,18,Anton De Pasquale,Chev Camaro ZL1,14,1,36,false,pit_speed,NaN,E:\2026\99_seasonTiming\04_RUA\pit_speed\Practice.pdf,2026-04-22 16:49:19
RUA,PRACTICE,99,Cooper Murray,Chev Camaro ZL1,17,1,36,false,pit_speed,NaN,E:\2026\99_seasonTiming\04_RUA\pit_speed\Practice.pdf,2026-04-22 16:49:19
RUA,PRACTICE,10,Zach Bates,Chev Camaro ZL1,20,1,36,false,pit_speed,NaN,E:\2026\99_seasonTiming\04_RUA\pit_speed\Practice.pdf,2026-04-22 16:49:19
RUA,PRACTICE,9,Jobe Stewart,Chev Camaro ZL1,21,1,38,false,pit_speed,NaN,E:\2026\99_seasonTiming\04_RUA\pit_speed\Practice.pdf,2026-04-22 16:49:19
RUA,PRACTICE,96,Macauley Jones,Toyota GR Supra A90,21,1,38,false,pit_speed,NaN,E:\2026\99_seasonTiming\04_RUA\pit_speed\Practice.pdf,2026-04-22 16:49:19
RUA,PRACTICE,26,Kai Allen,Ford Mustang GT,19,1,39,false,pit_speed,NaN,E:\2026\99_seasonTiming\04_RUA\pit_speed\Practice.pdf,2026-04-22 16:49:19
RUA,PRACTICE,55,Thomas Randle,Ford Mustang GT,22,1,34,false,pit_speed,NaN,E:\2026\99_seasonTiming\04_RUA\pit_speed\Practice.pdf,2026-04-22 16:49:19
RUA,PRACTICE,17,Brodie Kostecki,Ford Mustang GT,17,1,38,false,pit_speed,NaN,E:\2026\99_seasonTiming\04_RUA\pit_speed\Practice.pdf,2026-04-22 16:49:19
RUA,PRACTICE,7,James Golding,Ford Mustang GT,20,1,39,false,pit_speed,NaN,E:\2026\99_seasonTiming\04_RUA\pit_speed\Practice.pdf,2026-04-22 16:49:19
RUA,PRACTICE,4,Jack Le Brocq,Chev Camaro ZL1,20,1,39,false,pit_speed,NaN,E:\2026\99_seasonTiming\04_RUA\pit_speed\Practice.pdf,2026-04-22 16:49:19
RUA,PRACTICE,3,Aaron Cameron,Ford Mustang GT,19,1,37,false,pit_speed,NaN,E:\2026\99_seasonTiming\04_RUA\pit_speed\Practice.pdf,2026-04-22 16:49:19
RUA,PRACTICE,1,Chaz Mostert,Toyota GR Supra A90,22,1,37,false,pit_speed,NaN,E:\2026\99_seasonTiming\04_RUA\pit_speed\Practice.pdf,2026-04-22 16:49:19
RUA,PRACTICE,8,Andre Heimgartner,Toyota GR Supra A90,24,1,37,false,pit_speed,NaN,E:\2026\99_seasonTiming\04_RUA\pit_speed\Practice.pdf,2026-04-22 16:49:19
RUA,PRACTICE,10,Zach Bates,Chev Camaro ZL1,22,1,38,false,pit_speed,NaN,E:\2026\99_seasonTiming\04_RUA\pit_speed\Practice.pdf,2026-04-22 16:49:19
RUA,PRACTICE,777,Declan Fraser,Chev Camaro ZL1,20,1,32,false,pit_speed,NaN,E:\2026\99_seasonTiming\04_RUA\pit_speed\Practice.pdf,2026-04-22 16:49:19
RUA,PRACTICE,19,Matthew Payne,Ford Mustang GT,21,1,38,false,pit_speed,NaN,E:\2026\99_seasonTiming\04_RUA\pit_speed\Practice.pdf,2026-04-22 16:49:19
RUA,PRACTICE,38,Rylan Gray,Ford Mustang GT,21,1,37,false,pit_speed,NaN,E:\2026\99_seasonTiming\04_RUA\pit_speed\Practice.pdf,2026-04-22 16:49:19
RUA,PRACTICE,6,Cameron Waters,Ford Mustang GT,24,1,39,false,pit_speed,NaN,E:\2026\99_seasonTiming\04_RUA\pit_speed\Practice.pdf,2026-04-22 16:49:19
RUA,PRACTICE,18,Anton De Pasquale,Chev Camaro ZL1,18,1,39,false,pit_speed,NaN,E:\2026\99_seasonTiming\04_RUA\pit_speed\Practice.pdf,2026-04-22 16:49:19
RUA,PRACTICE,888,William Brown,Ford Mustang GT,19,1,37,false,pit_speed,NaN,E:\2026\99_seasonTiming\04_RUA\pit_speed\Practice.pdf,2026-04-22 16:49:19
RUA,PRACTICE,31,Jayden Ojeda,Chev Camaro ZL1,20,1,37,false,pit_speed,NaN,E:\2026\99_seasonTiming\04_RUA\pit_speed\Practice.pdf,2026-04-22 16:49:19
RUA,PRACTICE,2,Ryan Wood,Toyota GR Supra A90,21,1,36,false,pit_speed,NaN,E:\2026\99_seasonTiming\04_RUA\pit_speed\Practice.pdf,2026-04-22 16:49:19
RUA,PRACTICE,11,Jackson Walls,Ford Mustang GT,21,1,37,false,pit_speed,NaN,E:\2026\99_seasonTiming\04_RUA\pit_speed\Practice.pdf,2026-04-22 16:49:19
RUA,PRACTICE,99,Cooper Murray,Chev Camaro ZL1,21,1,35,false,pit_speed,NaN,E:\2026\99_seasonTiming\04_RUA\pit_speed\Practice.pdf,2026-04-22 16:49:19
RUA,PRACTICE,88,Broc Feeney,Ford Mustang GT,23,1,34,false,pit_speed,NaN,E:\2026\99_seasonTiming\04_RUA\pit_speed\Practice.pdf,2026-04-22 16:49:19
RUA,QR10,888,William Brown,Ford Mustang GT,2,1,39,false,pit_speed,NaN,E:\2026\99_seasonTiming\04_RUA\pit_speed\Qualifying Race 10.pdf,2026-04-22 16:49:19
RUA,QR10,88,Broc Feeney,Ford Mustang GT,2,1,34,false,pit_speed,NaN,E:\2026\99_seasonTiming\04_RUA\pit_speed\Qualifying Race 10.pdf,2026-04-22 16:49:19
RUA,QR10,2,Ryan Wood,Toyota GR Supra A90,2,1,38,false,pit_speed,NaN,E:\2026\99_seasonTiming\04_RUA\pit_speed\Qualifying Race 10.pdf,2026-04-22 16:49:19
RUA,QR10,38,Rylan Gray,Ford Mustang GT,2,1,39,false,pit_speed,NaN,E:\2026\99_seasonTiming\04_RUA\pit_speed\Qualifying Race 10.pdf,2026-04-22 16:49:19
RUA,QR10,6,Cameron Waters,Ford Mustang GT,2,1,39,false,pit_speed,NaN,E:\2026\99_seasonTiming\04_RUA\pit_speed\Qualifying Race 10.pdf,2026-04-22 16:49:19
RUA,QR10,11,Jackson Walls,Ford Mustang GT,2,1,38,false,pit_speed,NaN,E:\2026\99_seasonTiming\04_RUA\pit_speed\Qualifying Race 10.pdf,2026-04-22 16:49:19
RUA,QR10,14,Cameron Hill,Toyota GR Supra A90,2,1,38,false,pit_speed,NaN,E:\2026\99_seasonTiming\04_RUA\pit_speed\Qualifying Race 10.pdf,2026-04-22 16:49:19
RUA,QR10,96,Macauley Jones,Toyota GR Supra A90,2,1,34,false,pit_speed,NaN,E:\2026\99_seasonTiming\04_RUA\pit_speed\Qualifying Race 10.pdf,2026-04-22 16:49:19
RUA,QR10,9,Jobe Stewart,Chev Camaro ZL1,2,1,38,false,pit_speed,NaN,E:\2026\99_seasonTiming\04_RUA\pit_speed\Qualifying Race 10.pdf,2026-04-22 16:49:19
RUA,QR10,777,Declan Fraser,Chev Camaro ZL1,2,1,34,false,pit_speed,NaN,E:\2026\99_seasonTiming\04_RUA\pit_speed\Qualifying Race 10.pdf,2026-04-22 16:49:19
RUA,QR10,1,Chaz Mostert,Toyota GR Supra A90,3,1,39,false,pit_speed,NaN,E:\2026\99_seasonTiming\04_RUA\pit_speed\Qualifying Race 10.pdf,2026-04-22 16:49:19
RUA,QR10,19,Matthew Payne,Ford Mustang GT,3,1,39,false,pit_speed,NaN,E:\2026\99_seasonTiming\04_RUA\pit_speed\Qualifying Race 10.pdf,2026-04-22 16:49:19
RUA,QR10,26,Kai Allen,Ford Mustang GT,3,1,37,false,pit_speed,NaN,E:\2026\99_seasonTiming\04_RUA\pit_speed\Qualifying Race 10.pdf,2026-04-22 16:49:19
RUA,QR10,55,Thomas Randle,Ford Mustang GT,3,1,38,false,pit_speed,NaN,E:\2026\99_seasonTiming\04_RUA\pit_speed\Qualifying Race 10.pdf,2026-04-22 16:49:19
RUA,QR10,17,Brodie Kostecki,Ford Mustang GT,3,1,38,false,pit_speed,NaN,E:\2026\99_seasonTiming\04_RUA\pit_speed\Qualifying Race 10.pdf,2026-04-22 16:49:19
RUA,QR10,18,Anton De Pasquale,Chev Camaro ZL1,3,1,39,false,pit_speed,NaN,E:\2026\99_seasonTiming\04_RUA\pit_speed\Qualifying Race 10.pdf,2026-04-22 16:49:19
RUA,QR10,3,Aaron Cameron,Ford Mustang GT,3,1,38,false,pit_speed,NaN,E:\2026\99_seasonTiming\04_RUA\pit_speed\Qualifying Race 10.pdf,2026-04-22 16:49:19
RUA,QR10,7,James Golding,Ford Mustang GT,3,1,39,false,pit_speed,NaN,E:\2026\99_seasonTiming\04_RUA\pit_speed\Qualifying Race 10.pdf,2026-04-22 16:49:19
RUA,QR10,4,Jack Le Brocq,Chev Camaro ZL1,3,1,39,false,pit_speed,NaN,E:\2026\99_seasonTiming\04_RUA\pit_speed\Qualifying Race 10.pdf,2026-04-22 16:49:19
RUA,QR10,10,Zach Bates,Chev Camaro ZL1,3,1,38,false,pit_speed,NaN,E:\2026\99_seasonTiming\04_RUA\pit_speed\Qualifying Race 10.pdf,2026-04-22 16:49:19
RUA,QR10,8,Andre Heimgartner,Toyota GR Supra A90,3,1,36,false,pit_speed,NaN,E:\2026\99_seasonTiming\04_RUA\pit_speed\Qualifying Race 10.pdf,2026-04-22 16:49:19
RUA,QR10,31,Jayden Ojeda,Chev Camaro ZL1,3,1,39,false,pit_speed,NaN,E:\2026\99_seasonTiming\04_RUA\pit_speed\Qualifying Race 10.pdf,2026-04-22 16:49:19
RUA,QR10,99,Cooper Murray,Chev Camaro ZL1,3,1,37,false,pit_speed,NaN,E:\2026\99_seasonTiming\04_RUA\pit_speed\Qualifying Race 10.pdf,2026-04-22 16:49:19
RUA,QR10,31,Jayden Ojeda,Chev Camaro ZL1,5,1,33,false,pit_speed,NaN,E:\2026\99_seasonTiming\04_RUA\pit_speed\Qualifying Race 10.pdf,2026-04-22 16:49:19
RUA,QR10,88,Broc Feeney,Ford Mustang GT,5,1,32,false,pit_speed,NaN,E:\2026\99_seasonTiming\04_RUA\pit_speed\Qualifying Race 10.pdf,2026-04-22 16:49:19
RUA,QR10,888,William Brown,Ford Mustang GT,5,1,38,false,pit_speed,NaN,E:\2026\99_seasonTiming\04_RUA\pit_speed\Qualifying Race 10.pdf,2026-04-22 16:49:19
RUA,QR10,6,Cameron Waters,Ford Mustang GT,5,1,39,false,pit_speed,NaN,E:\2026\99_seasonTiming\04_RUA\pit_speed\Qualifying Race 10.pdf,2026-04-22 16:49:19
RUA,QR10,17,Brodie Kostecki,Ford Mustang GT,6,1,36,false,pit_speed,NaN,E:\2026\99_seasonTiming\04_RUA\pit_speed\Qualifying Race 10.pdf,2026-04-22 16:49:19
RUA,QR10,38,Rylan Gray,Ford Mustang GT,5,1,38,false,pit_speed,NaN,E:\2026\99_seasonTiming\04_RUA\pit_speed\Qualifying Race 10.pdf,2026-04-22 16:49:19
RUA,QR10,9,Jobe Stewart,Chev Camaro ZL1,5,1,38,false,pit_speed,NaN,E:\2026\99_seasonTiming\04_RUA\pit_speed\Qualifying Race 10.pdf,2026-04-22 16:49:19
RUA,QR10,96,Macauley Jones,Toyota GR Supra A90,5,1,38,false,pit_speed,NaN,E:\2026\99_seasonTiming\04_RUA\pit_speed\Qualifying Race 10.pdf,2026-04-22 16:49:19
RUA,QR10,14,Cameron Hill,Toyota GR Supra A90,5,1,37,false,pit_speed,NaN,E:\2026\99_seasonTiming\04_RUA\pit_speed\Qualifying Race 10.pdf,2026-04-22 16:49:19
RUA,QR10,11,Jackson Walls,Ford Mustang GT,5,1,39,false,pit_speed,NaN,E:\2026\99_seasonTiming\04_RUA\pit_speed\Qualifying Race 10.pdf,2026-04-22 16:49:19
RUA,QR10,777,Declan Fraser,Chev Camaro ZL1,5,1,31,false,pit_speed,NaN,E:\2026\99_seasonTiming\04_RUA\pit_speed\Qualifying Race 10.pdf,2026-04-22 16:49:19
RUA,QR10,8,Andre Heimgartner,Toyota GR Supra A90,6,1,34,false,pit_speed,NaN,E:\2026\99_seasonTiming\04_RUA\pit_speed\Qualifying Race 10.pdf,2026-04-22 16:49:19
RUA,QR10,1,Chaz Mostert,Toyota GR Supra A90,6,1,36,false,pit_speed,NaN,E:\2026\99_seasonTiming\04_RUA\pit_speed\Qualifying Race 10.pdf,2026-04-22 16:49:19
RUA,QR10,55,Thomas Randle,Ford Mustang GT,6,1,38,false,pit_speed,NaN,E:\2026\99_seasonTiming\04_RUA\pit_speed\Qualifying Race 10.pdf,2026-04-22 16:49:19
RUA,QR10,2,Ryan Wood,Toyota GR Supra A90,5,1,35,false,pit_speed,NaN,E:\2026\99_seasonTiming\04_RUA\pit_speed\Qualifying Race 10.pdf,2026-04-22 16:49:19
RUA,QR10,18,Anton De Pasquale,Chev Camaro ZL1,6,1,37,false,pit_speed,NaN,E:\2026\99_seasonTiming\04_RUA\pit_speed\Qualifying Race 10.pdf,2026-04-22 16:49:19
RUA,QR10,3,Aaron Cameron,Ford Mustang GT,6,1,38,false,pit_speed,NaN,E:\2026\99_seasonTiming\04_RUA\pit_speed\Qualifying Race 10.pdf,2026-04-22 16:49:19
RUA,QR10,19,Matthew Payne,Ford Mustang GT,6,1,38,false,pit_speed,NaN,E:\2026\99_seasonTiming\04_RUA\pit_speed\Qualifying Race 10.pdf,2026-04-22 16:49:19
RUA,QR10,7,James Golding,Ford Mustang GT,6,1,38,false,pit_speed,NaN,E:\2026\99_seasonTiming\04_RUA\pit_speed\Qualifying Race 10.pdf,2026-04-22 16:49:19
RUA,QR10,4,Jack Le Brocq,Chev Camaro ZL1,6,1,34,false,pit_speed,NaN,E:\2026\99_seasonTiming\04_RUA\pit_speed\Qualifying Race 10.pdf,2026-04-22 16:49:19
RUA,QR10,99,Cooper Murray,Chev Camaro ZL1,6,1,37,false,pit_speed,NaN,E:\2026\99_seasonTiming\04_RUA\pit_speed\Qualifying Race 10.pdf,2026-04-22 16:49:19
RUA,QR10,10,Zach Bates,Chev Camaro ZL1,6,1,37,false,pit_speed,NaN,E:\2026\99_seasonTiming\04_RUA\pit_speed\Qualifying Race 10.pdf,2026-04-22 16:49:19
RUA,QR10,26,Kai Allen,Ford Mustang GT,7,1,33,false,pit_speed,NaN,E:\2026\99_seasonTiming\04_RUA\pit_speed\Qualifying Race 10.pdf,2026-04-22 16:49:19
RUA,QR10,19,Matthew Payne,Ford Mustang GT,7,1,35,false,pit_speed,NaN,E:\2026\99_seasonTiming\04_RUA\pit_speed\Qualifying Race 10.pdf,2026-04-22 16:49:19
RUA,QR10,10,Zach Bates,Chev Camaro ZL1,8,1,37,false,pit_speed,NaN,E:\2026\99_seasonTiming\04_RUA\pit_speed\Qualifying Race 10.pdf,2026-04-22 16:49:19
RUA,QR10,88,Broc Feeney,Ford Mustang GT,8,1,37,false,pit_speed,NaN,E:\2026\99_seasonTiming\04_RUA\pit_speed\Qualifying Race 10.pdf,2026-04-22 16:49:19
RUA,QR10,888,William Brown,Ford Mustang GT,8,1,39,false,pit_speed,NaN,E:\2026\99_seasonTiming\04_RUA\pit_speed\Qualifying Race 10.pdf,2026-04-22 16:49:19
RUA,QR10,1,Chaz Mostert,Toyota GR Supra A90,8,1,38,false,pit_speed,NaN,E:\2026\99_seasonTiming\04_RUA\pit_speed\Qualifying Race 10.pdf,2026-04-22 16:49:19
RUA,QR10,2,Ryan Wood,Toyota GR Supra A90,7,1,38,false,pit_speed,NaN,E:\2026\99_seasonTiming\04_RUA\pit_speed\Qualifying Race 10.pdf,2026-04-22 16:49:19
RUA,QR10,7,James Golding,Ford Mustang GT,8,1,39,false,pit_speed,NaN,E:\2026\99_seasonTiming\04_RUA\pit_speed\Qualifying Race 10.pdf,2026-04-22 16:49:19
RUA,QR10,17,Brodie Kostecki,Ford Mustang GT,8,1,35,false,pit_speed,NaN,E:\2026\99_seasonTiming\04_RUA\pit_speed\Qualifying Race 10.pdf,2026-04-22 16:49:19
RUA,QR10,18,Anton De Pasquale,Chev Camaro ZL1,8,1,38,false,pit_speed,NaN,E:\2026\99_seasonTiming\04_RUA\pit_speed\Qualifying Race 10.pdf,2026-04-22 16:49:19
RUA,QR10,10,Zach Bates,Chev Camaro ZL1,10,1,38,false,pit_speed,NaN,E:\2026\99_seasonTiming\04_RUA\pit_speed\Qualifying Race 10.pdf,2026-04-22 16:49:19
RUA,QR10,19,Matthew Payne,Ford Mustang GT,9,1,39,false,pit_speed,NaN,E:\2026\99_seasonTiming\04_RUA\pit_speed\Qualifying Race 10.pdf,2026-04-22 16:49:19
RUA,QR11,88,Broc Feeney,Ford Mustang GT,2,1,33,false,pit_speed,NaN,E:\2026\99_seasonTiming\04_RUA\pit_speed\Qualifying Race 11.pdf,2026-04-22 16:49:20
RUA,QR11,888,William Brown,Ford Mustang GT,2,1,39,false,pit_speed,NaN,E:\2026\99_seasonTiming\04_RUA\pit_speed\Qualifying Race 11.pdf,2026-04-22 16:49:20
RUA,QR11,1,Chaz Mostert,Toyota GR Supra A90,2,1,38,false,pit_speed,NaN,E:\2026\99_seasonTiming\04_RUA\pit_speed\Qualifying Race 11.pdf,2026-04-22 16:49:20
RUA,QR11,2,Ryan Wood,Toyota GR Supra A90,2,1,38,false,pit_speed,NaN,E:\2026\99_seasonTiming\04_RUA\pit_speed\Qualifying Race 11.pdf,2026-04-22 16:49:20
RUA,QR11,19,Matthew Payne,Ford Mustang GT,2,1,39,false,pit_speed,NaN,E:\2026\99_seasonTiming\04_RUA\pit_speed\Qualifying Race 11.pdf,2026-04-22 16:49:20
RUA,QR11,26,Kai Allen,Ford Mustang GT,2,1,36,false,pit_speed,NaN,E:\2026\99_seasonTiming\04_RUA\pit_speed\Qualifying Race 11.pdf,2026-04-22 16:49:20
RUA,QR11,6,Cameron Waters,Ford Mustang GT,2,1,39,false,pit_speed,NaN,E:\2026\99_seasonTiming\04_RUA\pit_speed\Qualifying Race 11.pdf,2026-04-22 16:49:20
RUA,QR11,17,Brodie Kostecki,Ford Mustang GT,2,1,37,false,pit_speed,NaN,E:\2026\99_seasonTiming\04_RUA\pit_speed\Qualifying Race 11.pdf,2026-04-22 16:49:20
RUA,QR11,20,David Reynolds,Chev Camaro ZL1,2,1,35,false,pit_speed,NaN,E:\2026\99_seasonTiming\04_RUA\pit_speed\Qualifying Race 11.pdf,2026-04-22 16:49:20
RUA,QR11,18,Anton De Pasquale,Chev Camaro ZL1,2,1,39,false,pit_speed,NaN,E:\2026\99_seasonTiming\04_RUA\pit_speed\Qualifying Race 11.pdf,2026-04-22 16:49:20
RUA,QR11,10,Zach Bates,Chev Camaro ZL1,2,1,38,false,pit_speed,NaN,E:\2026\99_seasonTiming\04_RUA\pit_speed\Qualifying Race 11.pdf,2026-04-22 16:49:20
RUA,QR11,14,Cameron Hill,Toyota GR Supra A90,2,1,39,false,pit_speed,NaN,E:\2026\99_seasonTiming\04_RUA\pit_speed\Qualifying Race 11.pdf,2026-04-22 16:49:20
RUA,QR11,99,Cooper Murray,Chev Camaro ZL1,2,1,38,false,pit_speed,NaN,E:\2026\99_seasonTiming\04_RUA\pit_speed\Qualifying Race 11.pdf,2026-04-22 16:49:20
RUA,QR11,96,Macauley Jones,Toyota GR Supra A90,2,1,32,false,pit_speed,NaN,E:\2026\99_seasonTiming\04_RUA\pit_speed\Qualifying Race 11.pdf,2026-04-22 16:49:20
RUA,QR11,9,Jobe Stewart,Chev Camaro ZL1,2,1,39,false,pit_speed,NaN,E:\2026\99_seasonTiming\04_RUA\pit_speed\Qualifying Race 11.pdf,2026-04-22 16:49:20
RUA,QR11,777,Declan Fraser,Chev Camaro ZL1,2,1,31,false,pit_speed,NaN,E:\2026\99_seasonTiming\04_RUA\pit_speed\Qualifying Race 11.pdf,2026-04-22 16:49:20
RUA,QR11,31,Jayden Ojeda,Chev Camaro ZL1,2,1,37,false,pit_speed,NaN,E:\2026\99_seasonTiming\04_RUA\pit_speed\Qualifying Race 11.pdf,2026-04-22 16:49:20
RUA,QR11,55,Thomas Randle,Ford Mustang GT,3,1,38,false,pit_speed,NaN,E:\2026\99_seasonTiming\04_RUA\pit_speed\Qualifying Race 11.pdf,2026-04-22 16:49:20
RUA,QR11,38,Rylan Gray,Ford Mustang GT,3,1,39,false,pit_speed,NaN,E:\2026\99_seasonTiming\04_RUA\pit_speed\Qualifying Race 11.pdf,2026-04-22 16:49:20
RUA,QR11,7,James Golding,Ford Mustang GT,3,1,38,false,pit_speed,NaN,E:\2026\99_seasonTiming\04_RUA\pit_speed\Qualifying Race 11.pdf,2026-04-22 16:49:20
RUA,QR11,11,Jackson Walls,Ford Mustang GT,3,1,39,false,pit_speed,NaN,E:\2026\99_seasonTiming\04_RUA\pit_speed\Qualifying Race 11.pdf,2026-04-22 16:49:20
RUA,QR11,4,Jack Le Brocq,Chev Camaro ZL1,3,1,36,false,pit_speed,NaN,E:\2026\99_seasonTiming\04_RUA\pit_speed\Qualifying Race 11.pdf,2026-04-22 16:49:20
RUA,QR11,3,Aaron Cameron,Ford Mustang GT,3,1,38,false,pit_speed,NaN,E:\2026\99_seasonTiming\04_RUA\pit_speed\Qualifying Race 11.pdf,2026-04-22 16:49:20
RUA,QR11,888,William Brown,Ford Mustang GT,5,1,39,false,pit_speed,NaN,E:\2026\99_seasonTiming\04_RUA\pit_speed\Qualifying Race 11.pdf,2026-04-22 16:49:20
RUA,QR11,8,Andre Heimgartner,Toyota GR Supra A90,5,1,33,false,pit_speed,NaN,E:\2026\99_seasonTiming\04_RUA\pit_speed\Qualifying Race 11.pdf,2026-04-22 16:49:20
RUA,QR11,19,Matthew Payne,Ford Mustang GT,5,1,37,false,pit_speed,NaN,E:\2026\99_seasonTiming\04_RUA\pit_speed\Qualifying Race 11.pdf,2026-04-22 16:49:20
RUA,QR11,6,Cameron Waters,Ford Mustang GT,5,1,38,false,pit_speed,NaN,E:\2026\99_seasonTiming\04_RUA\pit_speed\Qualifying Race 11.pdf,2026-04-22 16:49:20
RUA,QR11,17,Brodie Kostecki,Ford Mustang GT,5,1,37,false,pit_speed,NaN,E:\2026\99_seasonTiming\04_RUA\pit_speed\Qualifying Race 11.pdf,2026-04-22 16:49:20
RUA,QR11,10,Zach Bates,Chev Camaro ZL1,5,1,38,false,pit_speed,NaN,E:\2026\99_seasonTiming\04_RUA\pit_speed\Qualifying Race 11.pdf,2026-04-22 16:49:20
RUA,QR11,99,Cooper Murray,Chev Camaro ZL1,5,1,37,false,pit_speed,NaN,E:\2026\99_seasonTiming\04_RUA\pit_speed\Qualifying Race 11.pdf,2026-04-22 16:49:20
RUA,QR11,14,Cameron Hill,Toyota GR Supra A90,5,1,37,false,pit_speed,NaN,E:\2026\99_seasonTiming\04_RUA\pit_speed\Qualifying Race 11.pdf,2026-04-22 16:49:20
RUA,QR11,777,Declan Fraser,Chev Camaro ZL1,5,1,34,false,pit_speed,NaN,E:\2026\99_seasonTiming\04_RUA\pit_speed\Qualifying Race 11.pdf,2026-04-22 16:49:20
RUA,QR11,20,David Reynolds,Chev Camaro ZL1,5,1,36,false,pit_speed,NaN,E:\2026\99_seasonTiming\04_RUA\pit_speed\Qualifying Race 11.pdf,2026-04-22 16:49:20
RUA,QR11,1,Chaz Mostert,Toyota GR Supra A90,5,1,38,false,pit_speed,NaN,E:\2026\99_seasonTiming\04_RUA\pit_speed\Qualifying Race 11.pdf,2026-04-22 16:49:20
RUA,QR11,2,Ryan Wood,Toyota GR Supra A90,5,1,35,false,pit_speed,NaN,E:\2026\99_seasonTiming\04_RUA\pit_speed\Qualifying Race 11.pdf,2026-04-22 16:49:20
RUA,QR11,96,Macauley Jones,Toyota GR Supra A90,5,1,35,false,pit_speed,NaN,E:\2026\99_seasonTiming\04_RUA\pit_speed\Qualifying Race 11.pdf,2026-04-22 16:49:20
RUA,QR11,9,Jobe Stewart,Chev Camaro ZL1,5,1,35,false,pit_speed,NaN,E:\2026\99_seasonTiming\04_RUA\pit_speed\Qualifying Race 11.pdf,2026-04-22 16:49:20
RUA,QR11,55,Thomas Randle,Ford Mustang GT,6,1,36,false,pit_speed,NaN,E:\2026\99_seasonTiming\04_RUA\pit_speed\Qualifying Race 11.pdf,2026-04-22 16:49:20
RUA,QR11,31,Jayden Ojeda,Chev Camaro ZL1,5,1,37,false,pit_speed,NaN,E:\2026\99_seasonTiming\04_RUA\pit_speed\Qualifying Race 11.pdf,2026-04-22 16:49:20
RUA,QR11,7,James Golding,Ford Mustang GT,6,1,35,false,pit_speed,NaN,E:\2026\99_seasonTiming\04_RUA\pit_speed\Qualifying Race 11.pdf,2026-04-22 16:49:20
RUA,QR11,3,Aaron Cameron,Ford Mustang GT,6,1,32,false,pit_speed,NaN,E:\2026\99_seasonTiming\04_RUA\pit_speed\Qualifying Race 11.pdf,2026-04-22 16:49:20
RUA,QR11,11,Jackson Walls,Ford Mustang GT,6,1,36,false,pit_speed,NaN,E:\2026\99_seasonTiming\04_RUA\pit_speed\Qualifying Race 11.pdf,2026-04-22 16:49:20
RUA,QR11,88,Broc Feeney,Ford Mustang GT,6,1,34,false,pit_speed,NaN,E:\2026\99_seasonTiming\04_RUA\pit_speed\Qualifying Race 11.pdf,2026-04-22 16:49:20
RUA,QR11,26,Kai Allen,Ford Mustang GT,6,1,36,false,pit_speed,NaN,E:\2026\99_seasonTiming\04_RUA\pit_speed\Qualifying Race 11.pdf,2026-04-22 16:49:20
RUA,QR11,18,Anton De Pasquale,Chev Camaro ZL1,6,1,39,false,pit_speed,NaN,E:\2026\99_seasonTiming\04_RUA\pit_speed\Qualifying Race 11.pdf,2026-04-22 16:49:20
RUA,QR11,38,Rylan Gray,Ford Mustang GT,7,1,38,false,pit_speed,NaN,E:\2026\99_seasonTiming\04_RUA\pit_speed\Qualifying Race 11.pdf,2026-04-22 16:49:20
RUA,QR11,4,Jack Le Brocq,Chev Camaro ZL1,7,1,35,false,pit_speed,NaN,E:\2026\99_seasonTiming\04_RUA\pit_speed\Qualifying Race 11.pdf,2026-04-22 16:49:20
RUA,QR11,19,Matthew Payne,Ford Mustang GT,8,1,39,false,pit_speed,NaN,E:\2026\99_seasonTiming\04_RUA\pit_speed\Qualifying Race 11.pdf,2026-04-22 16:49:20
RUA,QR11,26,Kai Allen,Ford Mustang GT,9,1,38,false,pit_speed,NaN,E:\2026\99_seasonTiming\04_RUA\pit_speed\Qualifying Race 11.pdf,2026-04-22 16:49:20
RUA,QR11,88,Broc Feeney,Ford Mustang GT,9,1,34,false,pit_speed,NaN,E:\2026\99_seasonTiming\04_RUA\pit_speed\Qualifying Race 11.pdf,2026-04-22 16:49:20
RUA,QR11,31,Jayden Ojeda,Chev Camaro ZL1,7,1,38,false,pit_speed,NaN,E:\2026\99_seasonTiming\04_RUA\pit_speed\Qualifying Race 11.pdf,2026-04-22 16:49:20
RUA,QR11,2,Ryan Wood,Toyota GR Supra A90,8,1,38,false,pit_speed,NaN,E:\2026\99_seasonTiming\04_RUA\pit_speed\Qualifying Race 11.pdf,2026-04-22 16:49:20
RUA,QR11,8,Andre Heimgartner,Toyota GR Supra A90,8,1,32,false,pit_speed,NaN,E:\2026\99_seasonTiming\04_RUA\pit_speed\Qualifying Race 11.pdf,2026-04-22 16:49:20
RUA,QR11,88,Broc Feeney,Ford Mustang GT,11,1,33,false,pit_speed,NaN,E:\2026\99_seasonTiming\04_RUA\pit_speed\Qualifying Race 11.pdf,2026-04-22 16:49:20
RUA,QR11,888,William Brown,Ford Mustang GT,7,1,39,false,pit_speed,NaN,E:\2026\99_seasonTiming\04_RUA\pit_speed\Qualifying Race 11.pdf,2026-04-22 16:49:20
RUA,QR11,17,Brodie Kostecki,Ford Mustang GT,7,1,33,false,pit_speed,NaN,E:\2026\99_seasonTiming\04_RUA\pit_speed\Qualifying Race 11.pdf,2026-04-22 16:49:20
RUA,QR11,7,James Golding,Ford Mustang GT,8,1,38,false,pit_speed,NaN,E:\2026\99_seasonTiming\04_RUA\pit_speed\Qualifying Race 11.pdf,2026-04-22 16:49:20
RUA,QR11,3,Aaron Cameron,Ford Mustang GT,8,1,38,false,pit_speed,NaN,E:\2026\99_seasonTiming\04_RUA\pit_speed\Qualifying Race 11.pdf,2026-04-22 16:49:20
RUA,QR12,2,Ryan Wood,Toyota GR Supra A90,2,1,36,false,pit_speed,NaN,E:\2026\99_seasonTiming\04_RUA\pit_speed\Qualifying Race 12.pdf,2026-04-22 16:49:20
RUA,QR12,19,Matthew Payne,Ford Mustang GT,2,1,39,false,pit_speed,NaN,E:\2026\99_seasonTiming\04_RUA\pit_speed\Qualifying Race 12.pdf,2026-04-22 16:49:20
RUA,QR12,55,Thomas Randle,Ford Mustang GT,2,1,31,false,pit_speed,NaN,E:\2026\99_seasonTiming\04_RUA\pit_speed\Qualifying Race 12.pdf,2026-04-22 16:49:20
RUA,QR12,17,Brodie Kostecki,Ford Mustang GT,2,1,35,false,pit_speed,NaN,E:\2026\99_seasonTiming\04_RUA\pit_speed\Qualifying Race 12.pdf,2026-04-22 16:49:20
RUA,QR12,20,David Reynolds,Chev Camaro ZL1,2,1,38,false,pit_speed,NaN,E:\2026\99_seasonTiming\04_RUA\pit_speed\Qualifying Race 12.pdf,2026-04-22 16:49:20
RUA,QR12,8,Andre Heimgartner,Toyota GR Supra A90,2,1,32,false,pit_speed,NaN,E:\2026\99_seasonTiming\04_RUA\pit_speed\Qualifying Race 12.pdf,2026-04-22 16:49:20
RUA,QR12,18,Anton De Pasquale,Chev Camaro ZL1,2,1,35,false,pit_speed,NaN,E:\2026\99_seasonTiming\04_RUA\pit_speed\Qualifying Race 12.pdf,2026-04-22 16:49:20
RUA,QR12,7,James Golding,Ford Mustang GT,2,1,37,false,pit_speed,NaN,E:\2026\99_seasonTiming\04_RUA\pit_speed\Qualifying Race 12.pdf,2026-04-22 16:49:20
RUA,QR12,4,Jack Le Brocq,Chev Camaro ZL1,2,1,39,false,pit_speed,NaN,E:\2026\99_seasonTiming\04_RUA\pit_speed\Qualifying Race 12.pdf,2026-04-22 16:49:20
RUA,QR12,10,Zach Bates,Chev Camaro ZL1,2,1,39,false,pit_speed,NaN,E:\2026\99_seasonTiming\04_RUA\pit_speed\Qualifying Race 12.pdf,2026-04-22 16:49:20
RUA,QR12,99,Cooper Murray,Chev Camaro ZL1,2,1,38,false,pit_speed,NaN,E:\2026\99_seasonTiming\04_RUA\pit_speed\Qualifying Race 12.pdf,2026-04-22 16:49:20
RUA,QR12,14,Cameron Hill,Toyota GR Supra A90,2,1,38,false,pit_speed,NaN,E:\2026\99_seasonTiming\04_RUA\pit_speed\Qualifying Race 12.pdf,2026-04-22 16:49:20
RUA,QR12,96,Macauley Jones,Toyota GR Supra A90,2,1,35,false,pit_speed,NaN,E:\2026\99_seasonTiming\04_RUA\pit_speed\Qualifying Race 12.pdf,2026-04-22 16:49:20
RUA,QR12,3,Aaron Cameron,Ford Mustang GT,2,1,37,false,pit_speed,NaN,E:\2026\99_seasonTiming\04_RUA\pit_speed\Qualifying Race 12.pdf,2026-04-22 16:49:20
RUA,QR12,777,Declan Fraser,Chev Camaro ZL1,2,1,34,false,pit_speed,NaN,E:\2026\99_seasonTiming\04_RUA\pit_speed\Qualifying Race 12.pdf,2026-04-22 16:49:20
RUA,QR12,31,Jayden Ojeda,Chev Camaro ZL1,2,1,36,false,pit_speed,NaN,E:\2026\99_seasonTiming\04_RUA\pit_speed\Qualifying Race 12.pdf,2026-04-22 16:49:20
RUA,QR12,9,Jobe Stewart,Chev Camaro ZL1,2,1,38,false,pit_speed,NaN,E:\2026\99_seasonTiming\04_RUA\pit_speed\Qualifying Race 12.pdf,2026-04-22 16:49:20
RUA,QR12,88,Broc Feeney,Ford Mustang GT,3,1,34,false,pit_speed,NaN,E:\2026\99_seasonTiming\04_RUA\pit_speed\Qualifying Race 12.pdf,2026-04-22 16:49:20
RUA,QR12,888,William Brown,Ford Mustang GT,3,1,39,false,pit_speed,NaN,E:\2026\99_seasonTiming\04_RUA\pit_speed\Qualifying Race 12.pdf,2026-04-22 16:49:20
RUA,QR12,1,Chaz Mostert,Toyota GR Supra A90,3,1,38,false,pit_speed,NaN,E:\2026\99_seasonTiming\04_RUA\pit_speed\Qualifying Race 12.pdf,2026-04-22 16:49:20
RUA,QR12,26,Kai Allen,Ford Mustang GT,3,1,36,false,pit_speed,NaN,E:\2026\99_seasonTiming\04_RUA\pit_speed\Qualifying Race 12.pdf,2026-04-22 16:49:20
RUA,QR12,6,Cameron Waters,Ford Mustang GT,3,1,39,false,pit_speed,NaN,E:\2026\99_seasonTiming\04_RUA\pit_speed\Qualifying Race 12.pdf,2026-04-22 16:49:20
RUA,QR12,38,Rylan Gray,Ford Mustang GT,3,1,38,false,pit_speed,NaN,E:\2026\99_seasonTiming\04_RUA\pit_speed\Qualifying Race 12.pdf,2026-04-22 16:49:20
RUA,QR12,11,Jackson Walls,Ford Mustang GT,3,1,38,false,pit_speed,NaN,E:\2026\99_seasonTiming\04_RUA\pit_speed\Qualifying Race 12.pdf,2026-04-22 16:49:20
RUA,QR12,18,Anton De Pasquale,Chev Camaro ZL1,4,1,38,false,pit_speed,NaN,E:\2026\99_seasonTiming\04_RUA\pit_speed\Qualifying Race 12.pdf,2026-04-22 16:49:20
RUA,QR12,9,Jobe Stewart,Chev Camaro ZL1,5,1,38,false,pit_speed,NaN,E:\2026\99_seasonTiming\04_RUA\pit_speed\Qualifying Race 12.pdf,2026-04-22 16:49:20
RUA,QR12,10,Zach Bates,Chev Camaro ZL1,5,1,39,false,pit_speed,NaN,E:\2026\99_seasonTiming\04_RUA\pit_speed\Qualifying Race 12.pdf,2026-04-22 16:49:20
RUA,QR12,99,Cooper Murray,Chev Camaro ZL1,5,1,38,false,pit_speed,NaN,E:\2026\99_seasonTiming\04_RUA\pit_speed\Qualifying Race 12.pdf,2026-04-22 16:49:20
RUA,QR12,31,Jayden Ojeda,Chev Camaro ZL1,5,1,38,false,pit_speed,NaN,E:\2026\99_seasonTiming\04_RUA\pit_speed\Qualifying Race 12.pdf,2026-04-22 16:49:20
RUA,QR12,19,Matthew Payne,Ford Mustang GT,5,1,38,false,pit_speed,NaN,E:\2026\99_seasonTiming\04_RUA\pit_speed\Qualifying Race 12.pdf,2026-04-22 16:49:20
RUA,QR12,4,Jack Le Brocq,Chev Camaro ZL1,5,1,36,false,pit_speed,NaN,E:\2026\99_seasonTiming\04_RUA\pit_speed\Qualifying Race 12.pdf,2026-04-22 16:49:20
RUA,QR12,88,Broc Feeney,Ford Mustang GT,6,1,34,false,pit_speed,NaN,E:\2026\99_seasonTiming\04_RUA\pit_speed\Qualifying Race 12.pdf,2026-04-22 16:49:20
RUA,QR12,6,Cameron Waters,Ford Mustang GT,6,1,39,false,pit_speed,NaN,E:\2026\99_seasonTiming\04_RUA\pit_speed\Qualifying Race 12.pdf,2026-04-22 16:49:20
RUA,QR12,17,Brodie Kostecki,Ford Mustang GT,5,1,37,false,pit_speed,NaN,E:\2026\99_seasonTiming\04_RUA\pit_speed\Qualifying Race 12.pdf,2026-04-22 16:49:20
RUA,QR12,20,David Reynolds,Chev Camaro ZL1,5,1,37,false,pit_speed,NaN,E:\2026\99_seasonTiming\04_RUA\pit_speed\Qualifying Race 12.pdf,2026-04-22 16:49:20
RUA,QR12,1,Chaz Mostert,Toyota GR Supra A90,6,1,36,false,pit_speed,NaN,E:\2026\99_seasonTiming\04_RUA\pit_speed\Qualifying Race 12.pdf,2026-04-22 16:49:20
RUA,QR12,96,Macauley Jones,Toyota GR Supra A90,5,1,35,false,pit_speed,NaN,E:\2026\99_seasonTiming\04_RUA\pit_speed\Qualifying Race 12.pdf,2026-04-22 16:49:20
RUA,QR12,7,James Golding,Ford Mustang GT,5,1,37,false,pit_speed,NaN,E:\2026\99_seasonTiming\04_RUA\pit_speed\Qualifying Race 12.pdf,2026-04-22 16:49:20
RUA,QR12,3,Aaron Cameron,Ford Mustang GT,5,1,34,false,pit_speed,NaN,E:\2026\99_seasonTiming\04_RUA\pit_speed\Qualifying Race 12.pdf,2026-04-22 16:49:20
RUA,QR12,11,Jackson Walls,Ford Mustang GT,6,1,37,false,pit_speed,NaN,E:\2026\99_seasonTiming\04_RUA\pit_speed\Qualifying Race 12.pdf,2026-04-22 16:49:20
RUA,QR12,26,Kai Allen,Ford Mustang GT,6,1,38,false,pit_speed,NaN,E:\2026\99_seasonTiming\04_RUA\pit_speed\Qualifying Race 12.pdf,2026-04-22 16:49:20
RUA,QR12,14,Cameron Hill,Toyota GR Supra A90,6,1,37,false,pit_speed,NaN,E:\2026\99_seasonTiming\04_RUA\pit_speed\Qualifying Race 12.pdf,2026-04-22 16:49:20
RUA,QR12,777,Declan Fraser,Chev Camaro ZL1,6,1,34,false,pit_speed,NaN,E:\2026\99_seasonTiming\04_RUA\pit_speed\Qualifying Race 12.pdf,2026-04-22 16:49:20
RUA,QR12,888,William Brown,Ford Mustang GT,7,1,39,false,pit_speed,NaN,E:\2026\99_seasonTiming\04_RUA\pit_speed\Qualifying Race 12.pdf,2026-04-22 16:49:20
RUA,QR12,55,Thomas Randle,Ford Mustang GT,6,1,33,false,pit_speed,NaN,E:\2026\99_seasonTiming\04_RUA\pit_speed\Qualifying Race 12.pdf,2026-04-22 16:49:20
RUA,QR12,38,Rylan Gray,Ford Mustang GT,7,1,38,false,pit_speed,NaN,E:\2026\99_seasonTiming\04_RUA\pit_speed\Qualifying Race 12.pdf,2026-04-22 16:49:20
RUA,QR12,88,Broc Feeney,Ford Mustang GT,9,1,32,false,pit_speed,NaN,E:\2026\99_seasonTiming\04_RUA\pit_speed\Qualifying Race 12.pdf,2026-04-22 16:49:20
RUA,QR12,2,Ryan Wood,Toyota GR Supra A90,5,1,38,false,pit_speed,NaN,E:\2026\99_seasonTiming\04_RUA\pit_speed\Qualifying Race 12.pdf,2026-04-22 16:49:20
RUA,QR12,19,Matthew Payne,Ford Mustang GT,8,1,37,false,pit_speed,NaN,E:\2026\99_seasonTiming\04_RUA\pit_speed\Qualifying Race 12.pdf,2026-04-22 16:49:20
RUA,QR12,26,Kai Allen,Ford Mustang GT,9,1,37,false,pit_speed,NaN,E:\2026\99_seasonTiming\04_RUA\pit_speed\Qualifying Race 12.pdf,2026-04-22 16:49:20
RUA,QR12,18,Anton De Pasquale,Chev Camaro ZL1,7,1,39,false,pit_speed,NaN,E:\2026\99_seasonTiming\04_RUA\pit_speed\Qualifying Race 12.pdf,2026-04-22 16:49:20
RUA,QR12,88,Broc Feeney,Ford Mustang GT,11,1,33,false,pit_speed,NaN,E:\2026\99_seasonTiming\04_RUA\pit_speed\Qualifying Race 12.pdf,2026-04-22 16:49:20
RUA,QR12,17,Brodie Kostecki,Ford Mustang GT,7,1,35,false,pit_speed,NaN,E:\2026\99_seasonTiming\04_RUA\pit_speed\Qualifying Race 12.pdf,2026-04-22 16:49:20
RUA,QR12,2,Ryan Wood,Toyota GR Supra A90,7,1,38,false,pit_speed,NaN,E:\2026\99_seasonTiming\04_RUA\pit_speed\Qualifying Race 12.pdf,2026-04-22 16:49:20
RUA,QR12,4,Jack Le Brocq,Chev Camaro ZL1,7,1,38,false,pit_speed,NaN,E:\2026\99_seasonTiming\04_RUA\pit_speed\Qualifying Race 12.pdf,2026-04-22 16:49:20
RUA,QR12,26,Kai Allen,Ford Mustang GT,11,1,34,false,pit_speed,NaN,E:\2026\99_seasonTiming\04_RUA\pit_speed\Qualifying Race 12.pdf,2026-04-22 16:49:20
RUA,QR12,7,James Golding,Ford Mustang GT,7,1,39,false,pit_speed,NaN,E:\2026\99_seasonTiming\04_RUA\pit_speed\Qualifying Race 12.pdf,2026-04-22 16:49:20
RUA,QR12,19,Matthew Payne,Ford Mustang GT,10,1,35,false,pit_speed,NaN,E:\2026\99_seasonTiming\04_RUA\pit_speed\Qualifying Race 12.pdf,2026-04-22 16:49:20
RUA,R10,14,Cameron Hill,Toyota GR Supra A90,0,1,37,false,pit_speed,NaN,E:\2026\99_seasonTiming\04_RUA\pit_speed\Race 10.pdf,2026-04-22 16:49:21
RUA,R10,96,Macauley Jones,Toyota GR Supra A90,0,1,38,false,pit_speed,NaN,E:\2026\99_seasonTiming\04_RUA\pit_speed\Race 10.pdf,2026-04-22 16:49:21
RUA,R10,3,Aaron Cameron,Ford Mustang GT,11,1,39,false,pit_speed,NaN,E:\2026\99_seasonTiming\04_RUA\pit_speed\Race 10.pdf,2026-04-22 16:49:21
RUA,R10,7,James Golding,Ford Mustang GT,13,1,34,false,pit_speed,NaN,E:\2026\99_seasonTiming\04_RUA\pit_speed\Race 10.pdf,2026-04-22 16:49:21
RUA,R10,4,Jack Le Brocq,Chev Camaro ZL1,13,1,39,false,pit_speed,NaN,E:\2026\99_seasonTiming\04_RUA\pit_speed\Race 10.pdf,2026-04-22 16:49:21
RUA,R10,99,Cooper Murray,Chev Camaro ZL1,13,1,37,false,pit_speed,NaN,E:\2026\99_seasonTiming\04_RUA\pit_speed\Race 10.pdf,2026-04-22 16:49:21
RUA,R10,26,Kai Allen,Ford Mustang GT,15,1,39,false,pit_speed,NaN,E:\2026\99_seasonTiming\04_RUA\pit_speed\Race 10.pdf,2026-04-22 16:49:21
RUA,R10,10,Zach Bates,Chev Camaro ZL1,15,1,36,false,pit_speed,NaN,E:\2026\99_seasonTiming\04_RUA\pit_speed\Race 10.pdf,2026-04-22 16:49:21
RUA,R10,38,Rylan Gray,Ford Mustang GT,17,1,37,false,pit_speed,NaN,E:\2026\99_seasonTiming\04_RUA\pit_speed\Race 10.pdf,2026-04-22 16:49:21
RUA,R10,6,Cameron Waters,Ford Mustang GT,18,1,37,false,pit_speed,NaN,E:\2026\99_seasonTiming\04_RUA\pit_speed\Race 10.pdf,2026-04-22 16:49:21
RUA,R10,1,Chaz Mostert,Toyota GR Supra A90,18,1,38,false,pit_speed,NaN,E:\2026\99_seasonTiming\04_RUA\pit_speed\Race 10.pdf,2026-04-22 16:49:21
RUA,R10,9,Jobe Stewart,Chev Camaro ZL1,18,1,38,false,pit_speed,NaN,E:\2026\99_seasonTiming\04_RUA\pit_speed\Race 10.pdf,2026-04-22 16:49:21
RUA,R10,11,Jackson Walls,Ford Mustang GT,18,1,39,false,pit_speed,NaN,E:\2026\99_seasonTiming\04_RUA\pit_speed\Race 10.pdf,2026-04-22 16:49:21
RUA,R10,2,Ryan Wood,Toyota GR Supra A90,19,1,37,false,pit_speed,NaN,E:\2026\99_seasonTiming\04_RUA\pit_speed\Race 10.pdf,2026-04-22 16:49:21
RUA,R10,19,Matthew Payne,Ford Mustang GT,19,1,31,false,pit_speed,NaN,E:\2026\99_seasonTiming\04_RUA\pit_speed\Race 10.pdf,2026-04-22 16:49:21
RUA,R10,888,William Brown,Ford Mustang GT,19,1,37,false,pit_speed,NaN,E:\2026\99_seasonTiming\04_RUA\pit_speed\Race 10.pdf,2026-04-22 16:49:21
RUA,R10,17,Brodie Kostecki,Ford Mustang GT,20,1,38,false,pit_speed,NaN,E:\2026\99_seasonTiming\04_RUA\pit_speed\Race 10.pdf,2026-04-22 16:49:21
RUA,R10,18,Anton De Pasquale,Chev Camaro ZL1,20,1,36,false,pit_speed,NaN,E:\2026\99_seasonTiming\04_RUA\pit_speed\Race 10.pdf,2026-04-22 16:49:21
RUA,R10,55,Thomas Randle,Ford Mustang GT,20,1,36,false,pit_speed,NaN,E:\2026\99_seasonTiming\04_RUA\pit_speed\Race 10.pdf,2026-04-22 16:49:21
RUA,R10,88,Broc Feeney,Ford Mustang GT,20,1,37,false,pit_speed,NaN,E:\2026\99_seasonTiming\04_RUA\pit_speed\Race 10.pdf,2026-04-22 16:49:21
RUA,R10,31,Jayden Ojeda,Chev Camaro ZL1,21,1,36,false,pit_speed,NaN,E:\2026\99_seasonTiming\04_RUA\pit_speed\Race 10.pdf,2026-04-22 16:49:21
RUA,R10,8,Andre Heimgartner,Toyota GR Supra A90,22,1,35,false,pit_speed,NaN,E:\2026\99_seasonTiming\04_RUA\pit_speed\Race 10.pdf,2026-04-22 16:49:21
RUA,R10,777,Declan Fraser,Chev Camaro ZL1,24,1,36,false,pit_speed,NaN,E:\2026\99_seasonTiming\04_RUA\pit_speed\Race 10.pdf,2026-04-22 16:49:21
RUA,R10,96,Macauley Jones,Toyota GR Supra A90,24,1,38,false,pit_speed,NaN,E:\2026\99_seasonTiming\04_RUA\pit_speed\Race 10.pdf,2026-04-22 16:49:21
RUA,R10,14,Cameron Hill,Toyota GR Supra A90,1,1,38,false,pit_speed,NaN,E:\2026\99_seasonTiming\04_RUA\pit_speed\Race 10.pdf,2026-04-22 16:49:21
RUA,R10,14,Cameron Hill,Toyota GR Supra A90,5,1,37,false,pit_speed,NaN,E:\2026\99_seasonTiming\04_RUA\pit_speed\Race 10.pdf,2026-04-22 16:49:21
RUA,R11,14,Cameron Hill,Toyota GR Supra A90,3,1,38,false,pit_speed,NaN,E:\2026\99_seasonTiming\04_RUA\pit_speed\Race 11.pdf,2026-04-22 16:49:21
RUA,R11,8,Andre Heimgartner,Toyota GR Supra A90,3,1,35,false,pit_speed,NaN,E:\2026\99_seasonTiming\04_RUA\pit_speed\Race 11.pdf,2026-04-22 16:49:21
RUA,R11,4,Jack Le Brocq,Chev Camaro ZL1,9,1,39,false,pit_speed,NaN,E:\2026\99_seasonTiming\04_RUA\pit_speed\Race 11.pdf,2026-04-22 16:49:21
RUA,R11,31,Jayden Ojeda,Chev Camaro ZL1,10,1,36,false,pit_speed,NaN,E:\2026\99_seasonTiming\04_RUA\pit_speed\Race 11.pdf,2026-04-22 16:49:21
RUA,R11,20,David Reynolds,Chev Camaro ZL1,10,1,39,false,pit_speed,NaN,E:\2026\99_seasonTiming\04_RUA\pit_speed\Race 11.pdf,2026-04-22 16:49:21
RUA,R11,10,Zach Bates,Chev Camaro ZL1,11,1,37,false,pit_speed,NaN,E:\2026\99_seasonTiming\04_RUA\pit_speed\Race 11.pdf,2026-04-22 16:49:21
RUA,R11,9,Jobe Stewart,Chev Camaro ZL1,12,1,38,false,pit_speed,NaN,E:\2026\99_seasonTiming\04_RUA\pit_speed\Race 11.pdf,2026-04-22 16:49:21
RUA,R11,17,Brodie Kostecki,Ford Mustang GT,15,1,37,false,pit_speed,NaN,E:\2026\99_seasonTiming\04_RUA\pit_speed\Race 11.pdf,2026-04-22 16:49:21
RUA,R11,26,Kai Allen,Ford Mustang GT,15,1,35,false,pit_speed,NaN,E:\2026\99_seasonTiming\04_RUA\pit_speed\Race 11.pdf,2026-04-22 16:49:21
RUA,R11,1,Chaz Mostert,Toyota GR Supra A90,15,1,37,false,pit_speed,NaN,E:\2026\99_seasonTiming\04_RUA\pit_speed\Race 11.pdf,2026-04-22 16:49:21
RUA,R11,2,Ryan Wood,Toyota GR Supra A90,16,1,38,false,pit_speed,NaN,E:\2026\99_seasonTiming\04_RUA\pit_speed\Race 11.pdf,2026-04-22 16:49:21
RUA,R11,888,William Brown,Ford Mustang GT,17,1,38,false,pit_speed,NaN,E:\2026\99_seasonTiming\04_RUA\pit_speed\Race 11.pdf,2026-04-22 16:49:21
RUA,R11,96,Macauley Jones,Toyota GR Supra A90,18,1,38,false,pit_speed,NaN,E:\2026\99_seasonTiming\04_RUA\pit_speed\Race 11.pdf,2026-04-22 16:49:21
RUA,R11,7,James Golding,Ford Mustang GT,18,1,38,false,pit_speed,NaN,E:\2026\99_seasonTiming\04_RUA\pit_speed\Race 11.pdf,2026-04-22 16:49:21
RUA,R11,88,Broc Feeney,Ford Mustang GT,19,1,38,false,pit_speed,NaN,E:\2026\99_seasonTiming\04_RUA\pit_speed\Race 11.pdf,2026-04-22 16:49:21
RUA,R11,6,Cameron Waters,Ford Mustang GT,19,1,38,false,pit_speed,NaN,E:\2026\99_seasonTiming\04_RUA\pit_speed\Race 11.pdf,2026-04-22 16:49:21
RUA,R11,3,Aaron Cameron,Ford Mustang GT,19,1,37,false,pit_speed,NaN,E:\2026\99_seasonTiming\04_RUA\pit_speed\Race 11.pdf,2026-04-22 16:49:21
RUA,R11,99,Cooper Murray,Chev Camaro ZL1,19,1,36,false,pit_speed,NaN,E:\2026\99_seasonTiming\04_RUA\pit_speed\Race 11.pdf,2026-04-22 16:49:21
RUA,R11,11,Jackson Walls,Ford Mustang GT,19,1,38,false,pit_speed,NaN,E:\2026\99_seasonTiming\04_RUA\pit_speed\Race 11.pdf,2026-04-22 16:49:21
RUA,R11,8,Andre Heimgartner,Toyota GR Supra A90,14,1,38,false,pit_speed,NaN,E:\2026\99_seasonTiming\04_RUA\pit_speed\Race 11.pdf,2026-04-22 16:49:21
RUA,R11,38,Rylan Gray,Ford Mustang GT,21,1,39,false,pit_speed,NaN,E:\2026\99_seasonTiming\04_RUA\pit_speed\Race 11.pdf,2026-04-22 16:49:21
RUA,R11,777,Declan Fraser,Chev Camaro ZL1,22,1,36,false,pit_speed,NaN,E:\2026\99_seasonTiming\04_RUA\pit_speed\Race 11.pdf,2026-04-22 16:49:21
RUA,R11,55,Thomas Randle,Ford Mustang GT,23,1,39,false,pit_speed,NaN,E:\2026\99_seasonTiming\04_RUA\pit_speed\Race 11.pdf,2026-04-22 16:49:21
RUA,R11,19,Matthew Payne,Ford Mustang GT,24,1,39,false,pit_speed,NaN,E:\2026\99_seasonTiming\04_RUA\pit_speed\Race 11.pdf,2026-04-22 16:49:21
RUA,R11,14,Cameron Hill,Toyota GR Supra A90,18,1,39,false,pit_speed,NaN,E:\2026\99_seasonTiming\04_RUA\pit_speed\Race 11.pdf,2026-04-22 16:49:21
RUA,R11,19,Matthew Payne,Ford Mustang GT,25,1,38,false,pit_speed,NaN,E:\2026\99_seasonTiming\04_RUA\pit_speed\Race 11.pdf,2026-04-22 16:49:21
RUA,R12,18,Anton De Pasquale,Chev Camaro ZL1,11,1,35,false,pit_speed,NaN,E:\2026\99_seasonTiming\04_RUA\pit_speed\Race 12.pdf,2026-04-22 16:49:22
RUA,R12,14,Cameron Hill,Toyota GR Supra A90,11,1,39,false,pit_speed,NaN,E:\2026\99_seasonTiming\04_RUA\pit_speed\Race 12.pdf,2026-04-22 16:49:22
RUA,R12,17,Brodie Kostecki,Ford Mustang GT,12,1,38,false,pit_speed,NaN,E:\2026\99_seasonTiming\04_RUA\pit_speed\Race 12.pdf,2026-04-22 16:49:22
RUA,R12,26,Kai Allen,Ford Mustang GT,12,1,35,false,pit_speed,NaN,E:\2026\99_seasonTiming\04_RUA\pit_speed\Race 12.pdf,2026-04-22 16:49:22
RUA,R12,20,David Reynolds,Chev Camaro ZL1,13,1,39,false,pit_speed,NaN,E:\2026\99_seasonTiming\04_RUA\pit_speed\Race 12.pdf,2026-04-22 16:49:22
RUA,R12,88,Broc Feeney,Ford Mustang GT,14,1,37,false,pit_speed,NaN,E:\2026\99_seasonTiming\04_RUA\pit_speed\Race 12.pdf,2026-04-22 16:49:22
RUA,R12,777,Declan Fraser,Chev Camaro ZL1,14,1,35,false,pit_speed,NaN,E:\2026\99_seasonTiming\04_RUA\pit_speed\Race 12.pdf,2026-04-22 16:49:22
RUA,R12,2,Ryan Wood,Toyota GR Supra A90,15,1,35,false,pit_speed,NaN,E:\2026\99_seasonTiming\04_RUA\pit_speed\Race 12.pdf,2026-04-22 16:49:22
RUA,R12,11,Jackson Walls,Ford Mustang GT,15,1,35,false,pit_speed,NaN,E:\2026\99_seasonTiming\04_RUA\pit_speed\Race 12.pdf,2026-04-22 16:49:22
RUA,R12,888,William Brown,Ford Mustang GT,16,1,39,false,pit_speed,NaN,E:\2026\99_seasonTiming\04_RUA\pit_speed\Race 12.pdf,2026-04-22 16:49:22
RUA,R12,9,Jobe Stewart,Chev Camaro ZL1,16,1,39,false,pit_speed,NaN,E:\2026\99_seasonTiming\04_RUA\pit_speed\Race 12.pdf,2026-04-22 16:49:22
RUA,R12,96,Macauley Jones,Toyota GR Supra A90,16,1,38,false,pit_speed,NaN,E:\2026\99_seasonTiming\04_RUA\pit_speed\Race 12.pdf,2026-04-22 16:49:22
RUA,R12,7,James Golding,Ford Mustang GT,17,1,36,false,pit_speed,NaN,E:\2026\99_seasonTiming\04_RUA\pit_speed\Race 12.pdf,2026-04-22 16:49:22
RUA,R12,1,Chaz Mostert,Toyota GR Supra A90,17,1,35,false,pit_speed,NaN,E:\2026\99_seasonTiming\04_RUA\pit_speed\Race 12.pdf,2026-04-22 16:49:22
RUA,R12,4,Jack Le Brocq,Chev Camaro ZL1,18,1,37,false,pit_speed,NaN,E:\2026\99_seasonTiming\04_RUA\pit_speed\Race 12.pdf,2026-04-22 16:49:22
RUA,R12,6,Cameron Waters,Ford Mustang GT,18,1,38,false,pit_speed,NaN,E:\2026\99_seasonTiming\04_RUA\pit_speed\Race 12.pdf,2026-04-22 16:49:22
RUA,R12,31,Jayden Ojeda,Chev Camaro ZL1,18,1,36,false,pit_speed,NaN,E:\2026\99_seasonTiming\04_RUA\pit_speed\Race 12.pdf,2026-04-22 16:49:22
RUA,R12,19,Matthew Payne,Ford Mustang GT,19,1,36,false,pit_speed,NaN,E:\2026\99_seasonTiming\04_RUA\pit_speed\Race 12.pdf,2026-04-22 16:49:22
RUA,R12,10,Zach Bates,Chev Camaro ZL1,19,1,36,false,pit_speed,NaN,E:\2026\99_seasonTiming\04_RUA\pit_speed\Race 12.pdf,2026-04-22 16:49:22
RUA,R12,99,Cooper Murray,Chev Camaro ZL1,19,1,37,false,pit_speed,NaN,E:\2026\99_seasonTiming\04_RUA\pit_speed\Race 12.pdf,2026-04-22 16:49:22
RUA,R12,3,Aaron Cameron,Ford Mustang GT,20,1,39,false,pit_speed,NaN,E:\2026\99_seasonTiming\04_RUA\pit_speed\Race 12.pdf,2026-04-22 16:49:22
RUA,R12,55,Thomas Randle,Ford Mustang GT,20,1,38,false,pit_speed,NaN,E:\2026\99_seasonTiming\04_RUA\pit_speed\Race 12.pdf,2026-04-22 16:49:22
RUA,R12,38,Rylan Gray,Ford Mustang GT,21,1,39,false,pit_speed,NaN,E:\2026\99_seasonTiming\04_RUA\pit_speed\Race 12.pdf,2026-04-22 16:49:22
RUA,R12,8,Andre Heimgartner,Toyota GR Supra A90,21,1,36,false,pit_speed,NaN,E:\2026\99_seasonTiming\04_RUA\pit_speed\Race 12.pdf,2026-04-22 16:49:22
